dx,dy,theta,scale,ninl,i
-38.9458885741178,2.912770331711541,0.006048206228967624,0.9873155757003722,415,0
-43.669153024224485,1.8938546377853545,0.00024632250583378154,0.9933142838243096,558,10
-45.79498217368722,0.70315449869676,-0.0049984820781289905,0.9936514099829861,504,20
-44.64273247578137,1.2734818393641796,-0.006148078938117195,0.9905530835975909,530,30
-42.72191959528221,-0.052660377700780026,0.00024347755398286362,0.991536492573221,508,40
-44.56299942455605,-1.130384436732323,-0.003967261120822543,0.9929853136146277,532,50
-44.15030635821678,-2.829807930637943,-0.00011266617458367551,0.993994425459393,443,60
-46.266707337169635,-2.4820859106628723,-0.008068616339695892,0.9948164447686638,541,70
-48.265886533673424,-0.7663615528853458,-0.014543849188415598,0.9914563810484046,342,80
-48.1160138372521,0.008350231642942518,-0.0173469818438024,0.9873242516988454,437,90
-45.96196326780979,0.3829383752147173,-0.006392704106524305,0.9811328992836064,493,100
-48.29321404639668,-1.545949189839424,0.0007010480110676841,0.989942345730142,373,110
-47.550655258766696,2.4422518767132457,-0.003874269637992653,0.9824436726310196,466,120
-47.84164290378335,0.34552646203426024,3.089434997741111e-05,0.9817795128338326,596,130
-51.3235124423533,0.06646197117821351,-0.002864700169234949,0.9875649245776233,533,140
-49.84788862276071,1.3614875741463068,0.00023464571586794702,0.9825439441317719,387,150
-49.38031952104112,4.377468234129426,8.424390386956325e-05,0.97769952676061,383,160
-45.960780894127765,3.0843600248945315,0.010969899257963534,0.9734626714595134,362,170
-53.83815581872163,0.6771449303694331,-0.0015147323496121081,0.9978159509682063,401,180
-64.76676281518942,0.9091231950337642,-0.020736485199804963,1.010323591035768,391,190
-64.64748288481032,0.9613199796224869,-0.02710344809908231,1.0113838188687392,408,200
-61.4270096801115,-0.1796840067273775,-0.022015733475732595,1.0099960821309708,397,210
-49.06861131296427,3.116650489223484,-0.0033470617632831517,0.981450991569352,412,220
-51.75873931191234,5.966302688936994,-0.01252346963182843,0.9791369153517229,472,230
-51.56703602563975,5.691603721232762,-0.011994793603066232,0.9765592843337864,381,240
-53.54406743766888,7.526885553111243,-0.017513570082231304,0.976471162530452,320,250
-55.34743593348023,0.12649786636729032,-0.005253642313271388,0.987962083798715,410,260
-60.79010695748023,1.0550755817126372,-0.01567946702118176,0.9954868065340864,303,270
-60.03592162569295,2.970520180566528,-0.018798719524039432,0.9944945923365021,369,280
-56.01133557883072,4.673015295056173,-0.010299557205632307,0.9918338922512819,367,290
-42.06100164848314,7.387449430873547,0.01068770602536898,0.979210326073566,307,300
-45.36959439776197,5.17239237263844,0.014824083707813608,0.9863828037260648,237,310
-52.231355260068604,-0.8693277210636188,0.0020350986993315275,0.9867767498630851,316,320
-57.425162445822856,-4.503606830241503,-0.011265898444239857,0.9902962644624745,327,330
-58.3299492249083,-2.609334070441615,-0.018748359876726704,0.9895607040448733,352,340
-55.65001434685055,-3.935360012884291,-0.0043033613714113395,0.9932380849250155,376,350
-52.967349529362764,-5.317171934951048,0.006982326584730879,0.9983860438567267,318,360
-49.35707519710074,-4.887630608679375,0.016961828031889302,0.9873321796832236,330,370
-54.505257749490404,-1.27437613094709,-0.0003708042530844933,0.9817213365260876,602,380
-59.74093336597198,-0.415560333217699,-0.013828943658241267,0.9867135580109762,543,390
-58.33950175607166,0.6790625524974294,-0.01737854975650404,0.9850561651586279,591,400
-57.954197065063234,-2.561689142166454,-0.0073653059730586995,0.9992362957869703,570,410
-52.9943915765925,0.5602876872432638,-0.0032093104879145113,0.9979996206491593,546,420
-51.56829658363239,1.3052920154656322,0.0016854675083367186,0.9965495750177282,517,430
-50.04509915253572,0.8658229610246772,0.0036562507178900536,0.9966077206162176,487,440
-54.12242158575526,2.1387117627261842,-0.006328270896900159,0.992179797918156,544,450
-56.5029505077644,0.9563351105941438,-0.008728586000271476,0.9927913490477169,552,460
-53.13397885976452,-0.5689602489228806,0.000682974889271345,0.9947157445243558,688,470
-48.547385841323,-3.0433266586409364,0.012119690105106369,0.9969984968323387,732,480
-49.744802566367696,-1.6557842901200965,0.009513578764121648,0.9959461017246525,777,490
-56.37555350610508,-3.509399812370456,-0.005116508919240868,0.9958775550494988,809,500
-54.05460144521236,-7.234859048681354,-0.0006758700659010094,0.9962648904721717,622,510
-49.69127842531922,-7.46132559208588,0.010387819694137653,0.9957461435307515,587,520
-52.946282622963594,-8.849849844075894,0.004915245705016198,0.9969152800196643,489,530
-51.21395634913599,-7.080976551059813,0.001537100895907003,0.9967802713288981,355,540
-52.136908837867104,-7.118657553459668,0.0031884965141634773,0.996878555023503,397,550
-53.855850800165314,-7.999213346466157,-0.0019838497748650946,1.0014327081303234,531,560
-51.41197119118542,-7.839289926486963,0.0022841177781918643,0.9907860654568629,539,570
-55.01956306131171,-6.519268218504314,-0.007066788481973689,0.9954305067111267,502,580
-51.86908848281977,-7.11926614031867,0.007688615913186693,0.9912229037310947,564,590
-57.10914917101101,-1.4772152750649574,-0.007486517970535486,0.9935842793318528,519,600
-55.52670075196928,1.223881788313499,-0.011939517372924143,0.990289599360896,437,610
-48.88870516329483,8.556874280315743,-0.0008016040858776803,0.9846030799713796,451,620
-47.76008724444714,8.887475132651558,0.004596479417442409,0.9829278843323168,400,630
-47.61999537409758,5.732335871459313,0.008726189109842226,0.9846848453148628,352,640
-51.723423429173806,-2.4154177049811802,0.010585686366023672,0.9936755605321392,364,650
-49.37796521870986,-7.577730887511194,0.009982527450985825,0.9977246045923684,385,660
-39.42819306802808,-12.549281888741541,0.02578134193740808,0.9954048321222426,511,670
-52.42286408588875,-11.367279696813647,0.0016659855545010838,0.9973223237101819,455,680
-61.04890275570618,-11.344986223044677,-0.028183173764107713,1.0047114975092304,376,690
-56.21392878071645,0.8991602236615688,-0.027785646457789172,0.9998511398783383,447,700
-43.31466124667767,3.0705984014782586,0.0019752183033997926,0.9971214872533184,438,710
-39.605586279561464,6.726257941179095,0.0017758976736015398,0.9936010111833335,494,720
-34.18987973758954,3.072983645371736,0.01880481297515753,0.9890143244741275,463,730
-38.64301797171054,-3.290589677289974,0.02717876593192582,0.9902551045719514,384,740
-46.48315679507457,5.351167794323237,-0.013565173043895724,0.9639031290078643,327,750
-51.562728626684105,-1.6806527629541659,-0.0164653299236145,0.9767389379250975,375,760
-53.18110714413684,-5.391685399336633,-0.0190770544345464,0.9875374989633635,344,770
-53.44437482608548,-3.568868360133057,-0.011891925306750368,0.9962733455306704,367,780
-47.98473466553645,-6.092730171854008,0.0010527362431319177,0.9988244159063295,426,790
-51.04864972973628,-7.594331487950788,-0.0025317148959074103,0.9991288199643374,335,800
-54.26881813169279,-5.461936724354749,-0.012207089421190287,1.0050999930297142,429,810
-49.13163299013764,-4.1861244531315105,0.0006362895689673958,1.0057002638054717,404,820
-44.81788107614969,-1.137768253506931,0.005739041773386566,0.9981601561089481,477,830
-52.30673506115714,5.253582491223036,-0.016036455808718285,0.994954196875373,492,840
-49.888312399292815,5.575914411919133,-0.021108934966942453,0.9916662006141519,617,850
-48.981017885014126,8.163562065408938,-0.019730674563908156,0.9902677178419259,512,860
-49.58730688145968,2.850211807795607,-0.01107201444364184,0.9927066196181176,622,870
-52.97693946709845,6.528470549419687,-0.023545341311271697,0.9946165891089155,620,880
-46.09498466844564,8.063730320334129,-0.008817721934845958,0.9967190676998962,543,890
-39.759723272840866,8.55245250895835,0.004024030415156674,0.9948938384898741,522,900
-41.64990231060082,5.632670792702735,-0.0043639082813819495,0.9849190937177889,665,910
-44.19137170671708,3.2833643575089315,-0.00807626333628574,0.9822353748124286,580,920
-44.552821522058444,0.2507463100666561,-0.004185511671464276,0.9849818213991581,545,930
-42.085723463265374,0.6241941694681739,-0.0020084436766975924,0.9848615114758376,441,940
-38.55090702005757,0.05076376278549708,0.00968746681569589,0.9841501721801306,399,950
-40.28321236196663,-5.599103278948707,0.013475930815360608,0.9839890791376672,593,960
-43.2429369529619,-8.053712431551302,0.005314465891348861,0.9857422351862196,695,970
-46.3381277340058,-7.058140437857329,-0.0065615014395915714,0.9889895674105981,855,980
-50.03858041324424,-4.085302381105141,-0.01905729615190919,0.9895543564513944,717,990
-41.7177688298674,-2.35277249845298,-0.008338071338819565,0.9854321897297953,740,1000
-42.68657402314811,0.19037882107463155,-0.0070488918849560545,0.9910421445607239,812,1010
-40.633850257638855,-3.4451169940636204,0.001323716564531728,0.9897055100150663,849,1020
-38.19212397214133,-3.591933428577995,0.01564363293600598,0.9889257749807163,799,1030
-42.214395457548314,-5.355340941737571,0.012767838950243124,0.9893176156746154,756,1040
-45.39004381822401,-10.17571721893768,0.009475157649134397,0.9935343184933488,714,1050
-50.07708258714857,-0.30118675206552703,-0.019266901507585095,0.9937076436306351,775,1060
-46.2185484704193,4.3737032851001105,-0.011883199093186388,0.9925800380870913,802,1070
-39.1623654368171,5.422196355763202,0.002419634899768175,0.9898743136567973,713,1080
-40.77120459548565,5.222990848490055,0.00869203109256205,0.9855481955453607,861,1090
-45.999792733521,1.0058283694282997,0.0013218549070252079,0.9902096568795644,861,1100
-44.82716030937362,-0.47661247182344185,-0.0001393763861457221,0.9921247402303097,848,1110
-38.2471674116834,-4.2406736442267885,0.01207241409167506,0.990419105401767,659,1120
-40.979782559249806,-7.781737067960568,0.012689294206281003,0.9933309342059576,707,1130
-46.75112762416465,-10.414343726428951,0.0012957222748037744,0.998395890235322,690,1140
-53.50334718837303,-12.28702472558811,-0.010455690762601317,1.004083161427083,639,1150
-50.39169792787214,-8.211693584079615,-0.007903355008903117,1.002163165915815,545,1160
-48.94109262288288,-4.525276461895936,-0.005609890840216662,0.9988229609955724,643,1170
-46.66830216172732,-5.445784730565586,-0.0037052270006240787,0.9978456746060789,694,1180
-47.99857904372033,-4.753798578761069,-0.003675532014021862,0.9992418266435389,719,1190
-47.60205629112259,-7.680842593989409,0.0006161802353184543,1.0025521930572896,638,1200
-47.97785771686493,-5.588191539367995,-0.0017853168888022424,0.9996365225010837,497,1210
-46.49527870294816,-5.8621639354730934,-0.0016441396017287454,0.9981558350267645,561,1220
-47.06880925816782,-6.9624254940748305,-0.002510989173902196,0.9988478315521315,546,1230
-46.0346546295154,-6.036599501600176,6.446010575014143e-05,0.9979820800216886,660,1240
-44.481870039227346,-6.652919262034792,0.005394663866200434,0.9982621849944726,647,1250
-43.50013674503105,-4.394105585165237,0.007782135728264443,0.9986535055542958,759,1260
-43.04153233606829,-1.3538933241864481,0.00487058772027959,0.9957045751885315,802,1270
-43.41949747033125,-2.5576223176970654,0.0030080688065931335,0.9957177769683305,891,1280
-43.91488385138637,-2.569584744680686,0.0015573208959521574,0.9968100734728726,726,1290
-44.2237391032808,-2.15208249369788,-0.0013849553927951042,0.9938017407581814,727,1300
-42.97916050947389,-5.688116426816547,0.0021128342998421633,0.9939040574288063,722,1310
-44.72514397742572,-5.093386259335958,0.0004210167155680238,0.9935867905454029,800,1320
-46.45914180664451,-6.8095837347785455,-0.0038484305058321265,0.9947628630284335,763,1330
-45.46941537727004,-3.5400498238396283,-0.0023871135743497745,0.9918747225088962,700,1340
-46.44636558354437,-3.5230636922768124,-0.004257642872504674,0.9943890035126491,638,1350
-47.22446609930106,-2.9937585814243004,-0.0025854149475687846,0.995350977745325,739,1360
-48.112585360548316,0.03845449717351519,-0.005954999758116507,0.9967949033525015,678,1370
-47.155933594454844,-3.421781805696895,0.003290769062675197,1.0024145373894857,765,1380
-46.931079264691625,-5.227721908550217,0.002180466648636871,0.9969313115969508,808,1390
-48.53256248364708,-6.137995292615682,-0.001861214310552552,0.9977977156525911,853,1400
-48.8066320246628,-7.871161130075198,-0.006634186374953245,0.9994472595205878,825,1410
-49.598722059384386,-6.846593524425,-0.01098117548139105,0.9980018624856387,800,1420
-46.4276466161811,-10.171936076679156,-0.0029118289948497035,0.9988110800322546,840,1430
-46.13424905716324,-5.853167661645643,-0.0017856360735529415,0.9992149071085383,853,1440
-46.13762129066425,-2.77202600008837,-0.005270373137482354,0.9996754449110599,900,1450
-47.23426827842762,1.546754000411082,-0.007101343572084396,1.0006567300432383,989,1460
-44.195894543070125,3.04976899545644,-0.0015881558705598297,1.0002943353918574,884,1470
-42.00551307838645,-0.7966671059460998,0.006574593524811205,0.997760659888863,857,1480
-44.6909891209653,-4.955004426226031,-0.0007026419135474262,0.9990409021162217,884,1490
-46.04525854532944,-2.4120902456322253,-0.009419748813720208,0.9998750721343579,922,1500
-41.4202131538582,-0.3757467592996546,-0.002151527353912886,0.9969803512960161,887,1510
-37.156598561846636,-0.6813470903490412,0.009236939600500392,1.000905845895912,816,1520
-37.33261010560973,-0.6082719121769239,0.0029027603312964637,0.9978553384096694,827,1530
-41.72720030520095,-0.28151445184152357,-0.01140006321257136,0.993922289682939,823,1540
-41.93359940563082,-2.2482843782182607,-0.009974892282174993,0.994524484377447,808,1550
-40.42886159793342,-5.689892418418691,-0.005766247370922985,0.9967280525257929,713,1560
-37.41012797585419,-6.039906525372125,-0.0037558859477741556,0.9948770252210187,765,1570
-39.656418545714395,-0.10360260782820171,-0.012317531723943422,0.994648697455242,764,1580
-40.21066780136497,2.163318935160963,-0.011780911302882545,0.9950111262535765,596,1590
-39.63702381927612,2.9882160951800767,-0.000842689930945818,0.9957619589963614,709,1600
-38.038070754511104,-0.10970145998377623,0.009363800302840944,0.9961273881430149,784,1610
-38.129349595907534,-9.58363319361254,0.006532162638670186,0.9931320383384783,783,1620
-40.23720546559447,-8.959842866284262,-0.0022733366953152983,0.991368309925185,883,1630
-44.19361509526338,-6.798179410288825,-0.015892354317025886,0.9896008650023672,725,1640
-45.0780543278433,-1.5037263694412557,-0.020879906292639715,0.9867593234181553,813,1650
-41.334407323452034,5.729215718055508,-0.011826621420639753,0.9882758932519541,887,1660
-40.759152474800445,6.4768215033281376,-0.009550244051742197,0.9891276775330913,791,1670
-38.401696736326684,0.7565774222955791,0.0014632773838630488,0.99066549316781,672,1680
-38.772591660285485,-1.1917249545470765,0.010471855308765656,0.9889394383326737,804,1690
-42.88705598908889,-1.5964632228652216,-0.0003480663138293609,0.9876946033013922,726,1700
-45.86856201165892,1.033543391271394,-0.0063587495382991304,0.9912606673169038,541,1710
-47.24756164813436,-5.634723405526429,-0.010289755148467155,0.9930807041123314,527,1720
-46.536541645815724,-11.741564073620248,-0.006625647840564159,0.9934082393097883,538,1730
-45.79119550662023,-11.483442851238124,-0.0034694316800796847,0.9942194270554329,545,1740
-47.48364696162437,-10.695209076936306,-0.0095131047888501,0.9952681013205682,560,1750
-47.432545290817274,-8.907192364968237,-0.009588141782054981,1.000557992087451,422,1760
-45.84544320210657,-8.029152981445131,0.00206257426038329,1.0058512082227198,318,1770
-45.135316733407194,-3.4370715732053356,-0.005574262955480323,0.9958455306034031,286,1780
-43.84546821209291,-1.3550028936930294,0.00051975404857726,0.9948876690803178,355,1790
-44.40062615801567,1.1720745120827742,-0.004773666341736674,0.993262418306803,340,1800
-42.734998529912914,3.4397856847666226,-0.00015994099819981934,0.9916706575876759,278,1810
-41.02085753353812,5.506014747239456,0.007481990367055733,0.9942349895243997,445,1820
-40.67080330227347,7.620857737760538,0.003699243315137139,0.9899418487018498,449,1830
-43.77154217884684,5.615694704698714,-0.004404824603634287,0.9900588152060731,587,1840
-46.66155386031961,0.9225764612272842,-0.004816530913043719,0.996183414761473,549,1850
-42.470519279690926,-5.109907536307581,0.007508992263815242,0.9958329597980887,520,1860
-40.37135305940781,-3.7631606033557126,0.009331577017973389,0.9922032848926405,464,1870
-42.428295797763006,-4.4597204369756955,0.0033536832524651413,0.9970819225704435,498,1880
-45.40220290460317,-2.0906191469183817,-0.0026943594333729186,0.9968594521707508,428,1890
-43.99170214470895,-3.505488957983169,0.0008692348535495956,1.0013024055713948,476,1900
-38.10868751660789,-5.766751804222764,0.004205692175811842,0.9953885639534988,308,1910
-41.11075489590148,-3.048163900298296,-0.004736504561156174,0.9953482955145102,403,1920
-40.24969268444907,-2.9278391804016763,-0.005568856533236182,0.9928436674773159,444,1930
-36.555923923009864,0.6949638300996381,0.0020009946511788277,0.9879719889483428,477,1940
-36.798726979519564,1.2445557472375959,0.002603306368854667,0.9878759692842819,385,1950
-40.640049287053195,-2.0504011565808757,0.002049266567873835,0.9859281184882397,493,1960
-44.374439169503354,-5.134613290632312,-0.0034470135982225115,0.9882702270396931,447,1970
-46.06124936774754,-6.451232250475473,-0.004261747589136114,0.992823146886258,441,1980
-46.294043009485605,-6.752455280060347,-0.004816516716120333,0.9951048278991635,440,1990
-44.93022121754868,-3.584009660272276,-0.0010358652895419446,0.9928164926926812,506,2000
-45.78463652507949,-1.5596582775002896,-0.010881473596693914,0.9898861466065434,434,2010
-49.53118175009826,-0.3700371190945028,-0.013515888130319618,0.9915699674660037,384,2020
-55.316757107383275,0.7470293209708201,-0.024526640623715387,0.9876222995123635,331,2030
-55.23555012210582,-5.616706586698945,-0.0056552098049063295,1.000866315890798,327,2040
-48.000348724179844,-1.894394225068509,0.005695124787664809,0.995361894023629,512,2050
-47.11657557064229,0.4718211178801076,0.008402221206292436,0.9957276796723196,593,2060
-42.90399485833975,-0.718856368822683,0.015657701227172558,0.9923800653813577,461,2070
-39.56793419826532,3.5554472345263646,0.016557606048193205,0.9899528646362683,422,2080
-35.86919298039418,-3.1419749051052492,0.03150477640475386,0.9835924121879915,451,2090
-43.985715333645544,4.463554686895005,-0.010267188882130315,0.975554657828841,447,2100
-48.37822371718413,1.2523541679302717,-0.008859651118753581,0.9849665936594015,427,2110
-43.66382541091474,-0.5025475371081283,0.0074467927736208,0.9761531170170661,376,2120
-41.57146009614528,-1.6043598602633882,0.011611548254697296,0.9737125791032325,389,2130
-50.31545516799845,-2.974415204231889,0.005593147209172826,0.9979857936494879,444,2140
-42.50732313624339,-3.8801238773468834,0.027817434023535238,0.9960356673182065,509,2150
-42.21097097274396,-7.22274401451558,0.026843043089312107,0.9893551538915799,667,2160
-54.02873789197475,-9.18610708407662,-0.007467311368992956,0.993585044275889,712,2170
-65.85763258604601,-2.0353256281673384,-0.04527497646363199,0.9965198515098904,634,2180
-59.86170508813781,-4.40617925169219,-0.023780648879702538,0.9982005321545472,469,2190
-49.564712020925526,-2.287120902103322,0.0036871917714542362,0.9937012536310309,454,2200
-44.71194234996672,-5.980511572574695,0.02372069351262666,0.9910353268461772,467,2210
-50.86977004393838,-10.405585225933283,0.013708768328921766,0.997580081217884,332,2220
-53.21915396591259,-12.784631378595856,0.00747663424506912,0.9999923535739722,341,2230
-53.545592681804294,-14.98470799528979,0.0033615998715260695,1.0020513047085573,431,2240
-54.061944983989115,-12.566278797722136,0.001281267087099403,1.0028346576705929,460,2250
-49.52951289345803,-13.381408687937022,0.013576061882422639,1.0020483779905494,431,2260
-51.39625008869298,-12.787342878576327,0.007721036872163709,1.01331980892984,436,2270
-55.877322798428935,-5.9449541521771145,-0.01524564058465873,1.003344829353893,389,2280
-59.24853702965979,0.2238945002831252,-0.033819219904474535,1.0015155590561018,372,2290
-49.33760553838998,-0.41944667708571554,-0.009375532380368841,1.0010050943152058,579,2300
-44.076131594526274,-2.5821294829138344,0.009803966913870412,1.004747182691175,678,2310
-44.938513569897005,-1.6608507854231886,0.0032876946589771487,1.002290435029845,767,2320
-46.220910831903474,-1.179718881179992,0.0013991517259797177,1.0020485758967126,800,2330
-46.43381514626948,-1.9799200564457053,-0.0039497491109620995,0.9984216994573034,771,2340
-45.618777101973926,3.467526354015428,-0.012903786691465986,0.9976036063438795,739,2350
-35.380856295382586,0.6837130927791868,0.013721380069759155,0.9875252563795167,617,2360
-35.45645599452986,2.4845748095350326,0.016696849749653356,0.9750722134884691,594,2370
-46.25120151687817,1.5260029644750568,-0.002764537046395466,0.9835738492550471,671,2380
-46.86183316501492,-3.1397274046327714,0.0016847852464295485,0.993169508991225,514,2390
-42.280428583358834,-2.261927390555433,0.010004012342771661,0.9962607087449026,698,2400
-44.83287599263906,-1.2148907636572772,0.003495969519727415,0.9926693775693031,692,2410
-49.487690764115655,-0.19080055586933875,-0.011363606363258056,0.9932371579058907,735,2420
-46.39031822297788,0.11445969733732932,-0.002506087530130617,0.9951805222215918,793,2430
-45.303560140821055,-0.4896331751974832,-0.004447327112241691,0.9952638602831058,774,2440
-49.04880760558637,-0.04153574734713672,-0.008889351155995403,0.9987074120783627,746,2450
-47.83388857829946,0.5193050796930239,-0.010455875496547582,0.997666947393475,804,2460
-46.07338399534207,-1.1382831987653308,-0.008081601409137041,0.9956882026583631,615,2470
-43.32463663158289,-1.819974719503114,0.00039657474021747636,0.9937979635179442,592,2480
-46.41821245753446,-0.8860717032544569,-0.011114929665684132,0.9931441252954709,492,2490
-45.70191428062131,-0.2616782488003721,-0.015885070325904915,0.9920868739213924,402,2500
-45.69846718893597,-0.6600986149837369,-0.009898090817967905,0.9972171611085467,489,2510
-43.46941523915896,-6.077444051230469,-0.008321282278271946,0.9972356764894019,521,2520
-41.36187410232908,-8.33040344999552,-0.0007541962735964627,0.9956807419299112,583,2530
-42.578260266263406,-5.440826507036372,-0.0004551229213216423,0.9910854284898893,491,2540
-47.75190324484916,-7.464372685062274,-0.009919728725190391,0.9942826415928613,551,2550
-50.552138857488835,-2.0698786571331,-0.01843094064368745,0.9943185082764545,524,2560
-47.63319898436552,-2.402127614013988,-0.010344162143244358,0.9962286893697662,561,2570
-48.20958549046648,-0.28358438405977515,-0.015038988458459452,0.9946847737133453,585,2580
-48.95943136649335,1.4270099888086987,-0.014197220993234977,0.9983968042524275,549,2590
-49.9473419441751,7.104880392159417,-0.029954591170453904,0.9957196648045562,496,2600
-42.087193216652906,6.95066634608031,-0.014159920394832454,0.9850352876337516,503,2610
-40.07608687570802,2.6028188962583365,-0.002360258089167466,0.9882502992018497,466,2620
-44.250518032927566,-0.6375222149456028,-0.014984687908467723,0.9872865028768566,403,2630
-45.81485194394602,-1.8060693381951285,-0.013194025632035516,0.9939379261555309,436,2640
-46.79244394500264,-5.950908309672875,-0.011378084345190153,1.001402846644119,430,2650
-40.3986294663223,-9.380177293732869,0.009992755402390795,0.998447018509986,440,2660
-46.36424171683959,-3.2440953759737754,-0.010959432685632195,0.9975407028973831,466,2670
-43.058106895385464,0.15654268903758095,-0.010748819814356745,0.9787940488004443,426,2680
-46.13858407623278,1.1220922378469838,-0.014534422780370756,0.9919130535052085,498,2690
-39.40821765981265,3.808896437622996,0.005920102573282373,0.9853027484845496,529,2700
-45.95575717467885,4.564686516137312,-0.00868725954007815,0.9856168535257692,421,2710
-48.185399588300236,9.611006008746369,-0.004410486831314324,0.9930303595829332,541,2720
-49.418065851435,6.822776517848131,-0.007876043681445481,0.9902070652796281,554,2730
-50.401439512074084,5.676742072879117,-0.016287989518146577,0.9877675445905334,551,2740
-44.7621752367941,1.6688243231943298,0.001829217964036776,0.9860980081623927,441,2750
-46.90224263817036,-3.6848329367523927,0.0034561244439630144,0.9878889323243265,407,2760
-47.531245099312045,-6.6442223891225805,0.00502652309072226,0.9886740293322519,426,2770
-49.17089942241992,-4.606950742459886,0.0036719678165072294,0.9899212745742806,428,2780
-48.081369657294445,-7.7216818300484595,0.004603798088895816,0.994490771840282,423,2790
-50.7886042770976,-5.313012302496008,-0.0009396787235462363,0.9929876803807466,325,2800
-49.14751027740108,-7.923432806846709,-0.005840658667664316,0.9931667464161648,375,2810
-47.40256592421448,-8.192260568092104,-0.004582654417629374,0.9908693033943042,290,2820
-47.222265050919795,-4.57824879395095,0.000249978015122327,0.9910927813205715,381,2830
-47.8725417493951,-0.18064122650975822,-2.2525796256086472e-05,0.9878129618124808,454,2840
-49.09302037009755,3.8956404156007536,-0.0032139054364531175,0.986898770919368,576,2850
-50.647105238591344,2.5801630418187442,-0.003834581312509779,0.9860890986141526,547,2860
-59.55226006754312,-2.8197262764553925,-0.020183444171737796,1.0056299942308682,618,2870
-58.637645098094254,0.559678846027432,-0.028962000007696997,1.009404749012011,671,2880
-51.38391911786442,-1.212871411802898,-0.021348717496892954,1.004573285209513,660,2890
-48.20540028674471,-1.8530658750682019,-0.006018983245913201,1.0041156621105456,457,2900
-42.477905015837486,-0.9692671837879853,0.011911921603786416,1.0030976424216738,414,2910
-46.37490190586955,6.721276923488055,-0.012062660694589762,0.97821685718656,371,2920
-52.988124614221,6.831481198300707,-0.03601833496156937,0.9813443370415443,513,2930
-49.52503911118541,-3.7845582310339134,-0.007365450246640927,0.9969447247283848,471,2940
-49.62189072689775,-1.9964466540396686,-0.011698119975969663,0.9921215479380125,438,2950
-49.01343594025834,-3.510430784125092,-0.004788111311776599,0.9985898113004399,349,2960
-48.305562222847584,-1.373024034152103,-0.003711897352525755,0.9920741695473829,331,2970
-46.35017862204737,-5.869925249541381,-0.002191544380208769,0.994305849511955,389,2980
-41.18243559567361,-7.922191710957719,0.010555457266190144,0.9884804704050866,457,2990
-48.26985414064708,-6.381826841204898,-0.0024831558865882146,0.9903267676122005,507,3000
-51.758354419365446,-7.212385970567833,-0.004391401427571909,0.9960725836941978,542,3010
-51.283565640887836,0.318538834243073,-0.009158332305019556,0.9959883451976868,559,3020
-48.07927757494429,3.8481114926629028,-0.0007299869253396909,0.9963634027651247,508,3030
-48.327715735494984,1.081421905227887,-0.002089265248255277,0.9985706417454274,488,3040
-47.29079734287522,2.0708021643133976,-0.005915574408710458,0.9925600196201425,486,3050
-43.91109895011319,-6.015264010137885,0.006442293966713253,0.9933019028566892,419,3060
-39.060204846328325,-4.392808063666135,0.01858212537015628,0.9915778297011915,349,3070
-40.71024177324022,-7.32543521881922,0.015465424357909444,0.9950743177889592,369,3080
-44.1035751819759,-10.198291983260631,0.0019614440630630744,0.9985719941866753,327,3090
-47.3248037989336,-6.983100909533719,-0.010168513841520769,0.9991541078022957,366,3100
-43.96332412469426,-7.094461355314749,0.00690755037241156,0.9979964868895036,403,3110
-43.61790471984856,-5.364893085703059,0.00652555132310468,0.9977920351508813,499,3120
-47.61384693921921,-2.695420351052917,-0.004954594546902582,0.9985776786935673,412,3130
-47.26301677386896,0.2655891888974649,-0.015033725278622182,0.995961870902127,557,3140
-43.85166005851711,1.5259853497251454,-0.004097627372466498,0.995381790010728,505,3150
-46.81348077510818,-0.40198539818320506,-0.012989426066711053,0.9978956376762217,516,3160
-43.98259470621631,-1.971058749080893,-0.0008855496138856553,1.0008521448757168,537,3170
-35.432490977531714,-2.9880461610264892,0.020360304448272318,1.0024222519285289,493,3180
-32.75700773700181,-12.50127047096226,0.035404010710222644,1.0055488385890892,617,3190
-36.388171198915714,-6.1829955629357665,0.006007831072746439,0.9919309556697778,673,3200
-41.14562954977373,-3.020304682657982,-0.012302143069441081,0.9950869275802788,799,3210
-35.28339096062263,-0.8795379327521788,-0.0015302691269496768,0.992769217934582,770,3220
-32.80696252751744,0.9502969100017691,0.003331498882424993,0.9895482075256133,906,3230
-34.54765909704448,-10.108595804959702,0.003919954298333583,0.9920050046923874,971,3240
-39.43961858955287,-6.476436727908369,-0.011864018850411133,0.993088179527316,913,3250
-36.67009072071697,-5.332960193488553,-0.006583225669686656,0.9913436467043486,1102,3260
-35.43189841740791,-6.622631432837725,-0.0020872740556683415,0.9965208146168052,714,3270
-34.930696064859085,-4.586266307467863,-0.0038999672289059067,0.9908338987115256,732,3280
-39.49071619032723,-1.5396183696682575,-0.01739167808020392,0.9859519356372338,717,3290
-40.820361841835016,0.3529053048910703,-0.014873613814856869,0.9946792969787829,897,3300
-36.05978403719544,1.7684079532422772,-0.005346898403373448,0.9923167925048612,816,3310
-33.594806652006376,0.7970913154108021,0.004296540419232879,0.9930595626704628,871,3320
-34.438259612184524,-1.3124015751400482,0.005017679595615938,0.993755332174062,792,3330
-36.874480276179355,-1.0068345915050938,-0.0024422578042278577,0.9868943391977532,602,3340
-38.757354683495514,-2.912388131447804,-0.0032556367964741333,0.9922980815800951,500,3350
-40.84124627527411,0.3266981969817826,-0.007997763814033847,0.9931242382039125,428,3360
-41.43098711178593,-1.1110448970591233,-0.009349187858691795,0.9956715313408308,616,3370
-41.7849424169174,1.6245944773346348,-0.008858620233280342,0.9963910281795206,765,3380
-39.56190555421433,-0.30250681298191406,-0.0032148283766946775,0.9948500863697364,732,3390
-38.63906231963936,-1.3217738009214879,0.0009258816194091448,0.9944556726155098,753,3400
-34.599789116347864,-1.4121296629017517,0.004506924897970106,0.9927401486284975,702,3410
-33.307405009784866,-4.206576465233869,0.013441712008090712,0.9919274854994203,704,3420
-38.49638516595764,-3.3772065865193333,-0.0002371083038814127,0.9912739088066203,762,3430
-41.868491533893284,-4.259727250505832,-0.004721514284230598,0.9952946747543792,688,3440
-40.11509302415473,-4.803032155975116,-0.004068705293228315,0.9953274960226297,604,3450
-36.46116098996974,-2.4694116724428605,0.004099274711338604,0.9892621360837406,465,3460
-38.339072709915385,-2.065981855166495,0.001209547906007662,0.992746078440404,510,3470
-39.73738956832028,-2.122421521900801,0.0033647138016357292,0.9940295610988917,570,3480
-43.27855503349619,-2.8762695477696814,-0.0027322525781510185,0.9963991954010333,609,3490
-43.31214051432847,-7.307408742694491,0.0039564783980479456,0.9992559097039122,674,3500
-45.50159660555546,-5.971007002492411,-0.00466280306425307,1.0000053289104396,673,3510
-47.83371650090128,-6.120213427185577,-0.01100286406543323,1.0058881203408014,682,3520
-43.449355903693814,-4.29363834166535,-0.0011331165182280332,1.003204619157435,593,3530
-41.428734743903505,-3.1714566082236884,0.005515712430386672,1.006911473726617,598,3540
-39.17102394678077,-3.4704857154853404,0.006780348854356608,1.0024273914445025,498,3550
-40.028247642579835,-0.7492725745431846,-0.001747705393560629,1.0009768280484959,524,3560
-36.75986122378689,-2.4565684003330177,0.0016061703660460716,0.9949870280249745,617,3570
-36.36159589286459,-1.1869581964274194,0.0007982079549454595,0.990638781338495,580,3580
-36.32904049228813,0.21634380385944918,-0.0018377614858764565,0.992282437580485,533,3590
-38.703652009208604,0.7359687112196913,-0.004820421496357209,0.9946408035580998,442,3600
-38.18167208835792,0.3614615667374174,-0.003705636625374041,0.9933671346122468,659,3610
-38.35659723359142,-3.276947434250533,0.0018321306523765074,0.9940972939302452,613,3620
-39.80207594469355,-3.070424527306945,-0.004964593322673991,0.9927225813636323,826,3630
-40.49927813757049,-4.43048318263012,-0.005786075488464283,0.9939112838153877,880,3640
-42.585706337997685,-3.1164178908758773,-0.008557066506889803,0.9946216688754733,917,3650
-42.86591977844736,-2.0931728363010884,-0.010972030734427762,0.9955750628486268,938,3660
-39.28759359152109,0.1532710634967378,-0.004909827038488966,0.9954124851650709,934,3670
-34.41347263441038,0.3463439775286537,0.0013597533437114066,0.9928479130915178,1001,3680
-28.967611705317765,-0.37194353707018935,0.016522753309380547,0.990418180111216,858,3690
-29.495884210818897,-2.213301829252446,0.018034023505030715,0.9877482513584743,733,3700
-39.02671444090597,-6.043807263141835,0.0033023231083775446,0.9977708829812245,675,3710
-46.6828205728479,-7.194511461257642,-0.022995747177960175,0.9976255092695505,498,3720
-44.53026668488681,-7.1685227217828675,-0.0175363345825845,0.9973646765931358,434,3730
-40.445324225130456,-5.987049954380363,-0.005934243658168269,0.9969461592615858,645,3740
-37.1314133347301,-2.5433470015563575,0.003303873209645144,0.9933479523217836,602,3750
-38.05395395737575,-1.5867160995093297,-0.0008930225405524206,0.9890616075064914,543,3760
-45.261351437156186,-3.816625453888956,-0.010980876198453317,0.9933632853877379,467,3770
-46.81343375375463,0.43663752376624476,-0.022983893438293355,0.9946195573930161,640,3780
-42.61348209214348,2.0501154235362256,-0.00740673112625044,0.9949363093539252,763,3790
-34.68786087910813,1.2608242479398764,0.016786738960999133,0.9956149757069027,724,3800
-32.285840635411624,1.054496295725523,0.024449636253059508,0.9958713842771039,556,3810
-34.487297164123696,-4.905977459479217,0.02202934041366395,0.9917150211837815,690,3820
-43.90872474294382,-6.6617785201774815,-0.0023099055692348807,0.994526459207324,670,3830
-46.36029432786431,-5.752394845345554,-0.01464440473760967,0.9914256517559948,665,3840
-47.24483569179579,-2.379651684063444,-0.01824772848580396,0.9864433128812671,676,3850
-43.639587420343844,-4.59555470161602,-0.0030151540302367492,0.9969849277498015,671,3860
-39.064779422539864,-4.276646926723889,0.009577904667787506,0.9919425178513519,604,3870
-43.88359710236971,-8.841477788618905,0.004840553040051931,0.999725892860511,792,3880
-51.12279154645607,-6.169283295958042,-0.019298478333185695,1.0014639390570408,851,3890
-51.81546581417404,-2.583818412485627,-0.0297438702611903,1.0025166651105535,813,3900
-41.573551084904814,-0.6638633498628151,-0.0035389962707681193,1.001795665917682,791,3910
-34.83886106010135,-2.423269165090047,0.01704776490724765,0.9999555667078092,604,3920
-43.312415508661154,-6.672322449978857,0.005160445396076858,1.004749662976013,540,3930
-43.58068208224619,1.4828661207191636,-0.014430802050321904,0.9914169447189534,593,3940
-40.17963983253298,2.59520544168853,-0.005202567288576427,0.9914469210881522,825,3950
-36.70101281797005,-1.050075976991768,0.002648785211462918,0.9917536875261651,783,3960
-38.32510415306734,1.154721245472704,-6.0812460512611795e-05,0.9929608108784045,698,3970
-38.552129090042456,2.7235849986483682,-0.006019679149756985,0.9937381606491437,624,3980
-39.15819809249542,2.5000037862923827,-0.009518190824814568,0.9976468208821883,615,3990
-37.13706133604196,-3.9301487812004945,0.006226538311793451,0.9980310860197978,603,4000
-40.52784048388569,-10.149182864838588,0.006162377239306898,1.0010924866545678,602,4010
-45.41353719621117,-9.947180872135945,-0.006817641025665024,1.0062953662699043,538,4020
-41.65898615922584,-5.544570557604186,-0.012180797853942764,0.9945720589108568,522,4030
-44.302580444732406,-2.639805105253188,-0.014146477666228872,0.9951975039919075,627,4040
-41.70830797979207,2.1987041798227906,-0.01663143989124391,0.994348944183067,687,4050
-37.199357651370875,5.908760312246711,-0.004126627094874651,0.9912593736324659,696,4060
-35.54431560744984,-0.1104723399386885,0.004864527641232178,0.991328724980434,591,4070
-39.81553158263475,-4.9382520101971785,-0.0019918179477756643,0.9956820835428325,509,4080
-40.27005252314013,-1.3629007065206227,-0.008125168088026213,0.9867943069132297,508,4090
-40.32647939259128,-5.032503437265317,-0.001080328402120389,0.9928446692045955,467,4100
-41.08616627009226,-5.071792427145821,-0.005410881556516381,0.9864289715819556,550,4110
-47.48279007769934,-1.0807498348610678,-0.017979991660788057,0.9911218870625629,535,4120
-45.7246190328717,-0.23454282732285792,-0.016082713003456796,0.9900524113190531,559,4130
-41.44893371060953,0.395577369429759,0.0023636295517292186,0.9893801469354281,536,4140
-39.065206235302576,-2.3736990051629148,0.012265733780077798,0.9896700302454257,405,4150
-44.86659960394826,-0.28503544956399085,-0.0052245222103835896,0.9860458972719652,315,4160
-51.90822863831842,-0.7366242650896949,-0.022966029536335548,0.9918905560877606,436,4170
-50.33100295878652,-5.6968503944832545,-0.001447919694594301,0.997118190610998,408,4180
-47.84078144637118,3.7286162367997484,-0.0017194072329189646,0.9941429211237761,498,4190
-43.34546595016836,10.113745317290785,-0.002125475127028648,0.9890316809159453,383,4200
-41.15433395873607,-0.7843632687225812,0.00554726581939492,0.990513176210827,432,4210
-39.76669558625527,-9.19866259457811,0.017102497209584514,1.000683616585815,363,4220
-37.12285561852363,-9.19782110377175,0.014084278639800654,0.993581044667219,456,4230
-42.40287677524418,-6.647521340909685,0.00581470417208843,1.0005849850736064,360,4240
-44.19290957008144,-2.7302874152040326,0.0003963113692545807,1.0000674552453743,370,4250
-43.32397944003011,-6.030690744558886,0.012873140173112842,1.0017767380156548,299,4260
-41.036548492094724,-4.808284927079662,0.007370099360475276,0.9981271295139852,456,4270
-43.71890434055111,-7.5312074786212815,0.0006009597663921463,1.000411106716986,522,4280
-42.97380026300761,-6.508609033216778,-0.0030352837307678635,0.997357152021421,568,4290
-41.699733149043425,-5.722621436654544,-9.800487629334158e-05,0.9951368806308156,613,4300
-43.185689758333915,-11.40923169706509,0.0028427237652111025,0.9996223028961246,606,4310
-44.03007586691198,-7.148183861563696,-0.006891777905680379,0.996789980328116,698,4320
-43.84717100228753,-9.93618835067585,-0.004391419856191928,0.9997065049118649,738,4330
-45.29007694641158,-8.662388365831971,-0.008960097869190518,0.9994046542925862,716,4340
-45.70111843002725,-7.220682052361566,-0.007464201955442596,1.001829552453905,809,4350
-44.27906941531939,-3.9929947247395257,-0.011114596394593078,0.9957794167734707,675,4360
-42.75615470784976,-3.071554795599871,0.0022116124925780586,1.0015336850796825,600,4370
-47.588344367823225,4.9842217512253795,-0.014741972156382557,1.0013546724239393,662,4380
-42.933873368618585,7.401848720742896,-0.010452974652015416,0.9998321371063811,787,4390
-35.928423440795,6.619180082723887,0.0028989238302742507,0.9966477195517456,706,4400
-35.28949210067575,-3.164512176036137,0.019314458540964665,0.9968322494723559,780,4410
-40.74720606862034,-8.701057318986836,0.008885212308531266,0.9991809575737326,716,4420
-47.15279358839506,-2.2090683322445392,-0.016649860159872343,1.000481794136734,710,4430
-49.64151491707145,0.9195474971338105,-0.02812753934891285,0.9983398902004058,789,4440
-43.94275540557411,-1.2715170129527344,-0.00499077305835022,1.0030093210579116,803,4450
-34.618787231064026,-3.6147827155188925,0.018412761224525984,1.0022197790784682,635,4460
-36.04306284551603,-8.791347417900313,0.022339818215459488,1.003113688646124,633,4470
-45.42034594224465,-5.585099035972571,-0.009019010127249373,0.9991407630383915,591,4480
-48.0950506421818,-8.219439754267718,-0.009547666058500829,1.0050461143019227,469,4490
-42.16447497259472,-2.5930309970558945,-0.005744612273822568,0.9996309718065101,607,4500
-34.608457480092895,-0.5944685404265668,0.013877900471687193,0.9983863706845616,624,4510
-36.09978758519793,-3.676396580326569,0.01298116599190229,0.9955657140445954,497,4520
-43.212678774192824,-4.7165793540788465,0.0034393964770974097,1.0035354673894563,472,4530
-42.537176369117326,-2.979365146197579,-0.0002835392240442151,0.9927319729320433,386,4540
-42.4114519162792,-3.4906372350780464,-0.0013699586882036693,0.9950264229032947,437,4550
-42.63968222100905,-1.4202326636738527,-0.005326016464548358,0.9965924565285479,387,4560
-41.09347780581405,0.26558446381994744,-0.0053442076160231085,0.9938383701048039,434,4570
-34.57844620636744,2.1194599232534723,0.002112760328583772,0.9831580837667686,503,4580
-34.836262913269735,-2.8046937658903652,0.01593250410622522,0.9905398215793245,522,4590
-40.886226431277144,-2.8823875331491795,0.00013666303643893762,0.9932932084859967,643,4600
-44.257730909055056,1.3671011210049946,-0.01322763670911473,0.9932528130182352,583,4610
-40.295264970468715,0.8606970247228029,-0.008695437888261362,0.9931614377994166,547,4620
-38.926788594659726,-3.1998173195895774,-0.001462889647245591,0.9947480003672184,415,4630
-42.45599672678708,-8.853641889884532,-0.0020751877340424354,1.0068479397377217,507,4640
-43.03145002258057,-1.185601997942569,-0.012942870471983768,0.9999851910649481,470,4650
-37.85817195914549,4.367259553187756,-0.00446395957989454,0.9956285815137496,582,4660
-36.50221826950558,3.9721246028229698,0.004025888618959332,0.9953633281521411,491,4670
-36.84343248619058,-0.49532050438070085,0.0006818043858007519,0.9850432957421213,351,4680
-38.769427053221584,-10.908197856865188,0.0032865006183261207,0.9906650051572625,557,4690
-39.88246981586289,-7.931069184496933,-0.0026822960448374625,0.994049074367446,871,4700
-42.66909236308952,-2.7776092023338177,-0.014370644752316787,0.9958344415724215,834,4710
-43.74381576681988,-1.45778143595113,-0.015106588192518734,0.9919967537073938,798,4720
-42.06322624748849,1.8088081768791868,-0.008918464201299199,0.9933533948702836,820,4730
-38.92517069136812,3.9896296511240674,0.0013651275885223605,0.9960741098968234,762,4740
-36.60992582412186,-5.1573914488925725,0.01038470822074966,0.9925223901468591,896,4750
-39.15787620266032,-10.161950894214618,0.009365052339248362,0.9904879371511356,871,4760
-44.841048815974396,-5.857707929329555,-0.00964858627882771,0.99289264791532,864,4770
-44.89004914726689,1.4283438147336232,-0.015991363155962824,0.9951960628695128,760,4780
-40.19848045407775,3.878183226729817,-0.0058609804048592885,0.9947256540220405,758,4790
-37.47169089663729,-2.6122388360655187,0.007772203530753198,0.9939075357672211,851,4800
-41.751976223434866,-9.190389982931125,0.004166684734073689,0.998708019805975,719,4810
-48.04743701555371,-5.692118134091523,-0.018785707774388906,0.9951558229585339,676,4820
-46.84790574653898,-3.060061290044046,-0.02603670762212548,0.9945731514925307,703,4830
-43.58288025758109,-0.22188946432332732,-0.010558430203466735,0.9970398946347102,791,4840
-36.04778745390755,0.03993862021150729,0.006737614849988613,0.9923954339048543,804,4850
-33.13727369601165,-2.7360207918259465,0.01792372109530304,0.9901514833544779,754,4860
-39.64804010523703,-3.5535328518840443,0.0006832933525750945,0.9921195050288606,662,4870
-45.6733787294773,-3.5993867697403275,-0.011754458623975608,0.9905119850074702,756,4880
-48.179789459575844,1.2381673683611631,-0.02496073579841395,0.9938654069734145,778,4890
-42.259081464643934,3.2267923303858654,-0.009787625337945116,0.9923933904557695,774,4900
-38.01428948660355,-1.087900184871345,0.00974844613655257,0.9939373594862643,787,4910
-40.879864439045434,-2.4468436732333574,0.0059029499709390065,0.9937536367616996,769,4920
-44.718245451062906,-4.1519245583372335,-0.00405681614013663,0.9965490702036399,804,4930
-45.08775663356563,-2.29359924279156,-0.005054195546830548,0.9976237508615192,751,4940
-42.88902021211953,-0.6549471580955133,-0.003240142604314327,0.9904547165152002,683,4950
-41.363018845243964,-3.5813967145581485,0.008390717641010265,0.9882930784747376,559,4960
-41.4791786206709,-3.329737496252928,0.007691492352325233,0.9879532109554394,535,4970
-42.457589863494405,-3.953855900119495,0.006624914231957161,0.9835214679298188,601,4980
-43.79511493671687,-3.8939635492255276,0.00541634558454811,0.98910653634171,676,4990
-44.683441988225894,-0.0901448574892016,0.00434352180657066,0.9938894537070051,768,5000
-43.80223079851905,-1.4362458448436166,0.0066856473236424725,0.9952078635511283,650,5010
-46.16878778985098,-1.5547159416321386,0.00507477596522389,0.9954524891376991,773,5020
-47.5938643299151,-1.797077727912665,-0.001036501694378851,0.9993003129938501,776,5030
-48.87556857183943,-3.275101149987925,-0.004742818833645588,0.998631493836928,776,5040
-45.89865367027054,-7.187267020268269,0.0024467836365097075,0.9987082131967185,734,5050
-51.7526759627638,-7.275618989186032,-0.011552100899738611,0.9971298970270565,701,5060
-56.894425145493955,-1.6999686367502211,-0.02710543764148631,0.998526622390834,708,5070
-51.85677051132399,2.7522836591517263,-0.014867505920162274,0.9974293059065387,607,5080
-41.38989988628092,-2.078142849733994,0.018838214444123615,0.9964131437105794,678,5090
-45.52441856793379,-6.39603169260625,0.012949033029761985,1.002207250880671,647,5100
-53.00441829545238,-6.1719840740139045,-0.013896613391798854,1.005668560643795,729,5110
-50.93998501181146,1.3905880354023388,-0.022851403160699255,1.000382356096322,755,5120
-39.45621897184088,-0.48298306501300375,0.006844709786407454,0.9942051304075112,499,5130
-36.313273270001474,-5.255574513461508,0.016727659620124555,0.9863091313781376,320,5140
-49.27879925622549,0.2399137392402838,-0.02441546902219725,0.9855959701542949,379,5150
-51.80572985742396,6.290150617512044,-0.04082310569046568,0.9885148415159936,457,5160
-35.53810976884335,0.5569609999727045,0.01706383322809264,0.9892234318825512,448,5170
-37.14168746799247,-5.968970937343839,0.03049235487121504,0.9903440756840316,438,5180
-51.18999986434802,-10.126901454983342,0.008774422363092062,0.9988275781060004,386,5190
-57.26683526273437,-4.806767900011671,-0.016295321602603715,1.001794814267498,378,5200
-55.94049778789172,2.589212914375883,-0.02675580603303158,0.9940597496614066,299,5210
-54.3992162903635,5.0171213729994175,-0.030937339965272235,0.9950317302810502,296,5220
-47.94643205855593,3.9361865311931594,-0.004670312340332748,0.9965009169197093,368,5230
-40.33407452072727,-2.424195275905628,0.01634768312757747,0.9914974314504859,330,5240
-42.50390674815656,-6.0243053519165075,0.017679081550620944,0.9953573643313411,354,5250
-46.250734970577554,-7.862813201028116,0.011288690134021848,0.9983534632563714,322,5260
-44.894504821461474,-5.6510049509174145,0.010084775685597845,0.9938635613414185,294,5270
-43.23138428050812,-4.977115192085308,0.005351546324942097,0.9950649663546164,275,5280
-44.478102449476516,-7.08904891759411,0.004416637154279231,0.9951874464080742,216,5290
-48.16432596414072,-5.533346038754843,-0.00846415117515288,0.9961137238873701,239,5300
-48.93400501080049,-2.050622113348322,-0.013754571104695943,0.9931426071853867,229,5310
-49.376941536822955,2.608775998754881,-0.023738608607237588,0.9909078406582539,248,5320
-40.25470423691983,5.012480968625732,-0.0026267110776811626,0.9834213924934961,271,5330
-36.22468030013759,4.749602203347145,0.006090366650340614,0.9780855448425939,287,5340
-40.259056051538394,-1.330269277056124,0.010631410011409211,0.9776180744165874,356,5350
-48.659512093964665,-6.246395727913835,-0.0006310261050540311,0.9799675708078007,349,5360
-47.96322355361774,-9.520618432477857,0.004841529925514254,0.9822167385485662,525,5370
-50.37895645075379,-4.27063961906846,-0.008954365315928041,0.9819021841059108,533,5380
-51.88484443188917,-7.185375426391468,0.0036498181912845286,0.9888742713491442,696,5390
-51.44144797046542,-12.256681756095427,0.013108731733535668,0.9947437887602358,743,5400
-59.2087134571268,-11.686025738567219,0.0008013072546633834,1.0034736080039144,648,5410
-60.38414018269697,-6.503217684356591,-0.003968428851688691,1.01635862516805,493,5420
-53.96655770060257,1.7724684025923587,-0.0050336601463698925,1.0074764087004995,485,5430
-46.89902538257349,-1.2647902202183003,0.011827127754498169,1.0059692900168389,523,5440
-45.87601031173963,-6.080400225522761,0.018191613048340254,1.0030972750003533,708,5450
-49.24465538909973,-5.92294675928207,-0.00433183288807932,0.995034903875717,795,5460
-55.34859868558178,-6.547671649414422,-0.017135535763482784,1.0012585004065666,770,5470
-52.12464686878292,-4.885496823738208,-0.010344963354455528,1.003769272266962,830,5480
-47.08084511073752,-7.399159042488895,0.0036656885784026017,1.0016650387538035,735,5490
-48.81695131919781,-7.225672258960397,-0.00042763873957742864,1.0058772685262725,590,5500
-51.02614550565235,-7.603408504655232,-0.0013863658160507928,1.0052703796331623,338,5510
-45.89075069997565,-0.14282585675201132,-0.009791857183131294,0.9946984606217064,554,5520
-48.85131363457742,1.1682046887363915,-0.011138096238735051,1.0058378675523172,678,5530
-45.15274149213654,-0.4046854134648831,-0.0005785646401129983,1.0014104534314263,815,5540
-46.815768875528995,-2.445187570607417,-0.004962113562958218,1.0010724062417475,865,5550
-45.47960002832402,-4.95859465280276,-0.0003455335783190059,1.0016174927951558,904,5560
-47.80396338703201,-4.020932305812954,-0.007792746281254703,1.0009341321867773,891,5570
-47.06898848986591,-0.266222030939117,-0.015415427852296333,0.9982532962666988,821,5580
-40.52949643604418,-0.8174486313525227,0.002966329338125821,0.9974866706208504,890,5590
-34.74905213947425,-3.9009829734617956,0.023907401105848568,0.9966192036605083,841,5600
-38.830355475864465,-4.166604900743848,0.006020419145980801,0.994801309762381,688,5610
-41.29728995097468,-2.033851102175404,-0.0053110344144749405,0.9962038028574353,519,5620
-38.94899722560499,-2.4347125054995726,-0.0057414747553464485,0.99562003535447,409,5630
-35.23621629928501,-6.693649065156877,0.0070958609966309955,0.9939493793443055,382,5640
-35.52614209301267,-8.862813468616,0.01430275810529419,0.9981079729290283,478,5650
-39.54515550546506,-6.816389052279469,0.004389586363376421,0.9979205393918996,479,5660
-40.46654747043488,-7.308356568139825,0.0001894779738096699,1.0002287349181318,483,5670
-39.16360353944692,-2.799525589057852,0.001418772203852678,0.9986845778513271,392,5680
-35.99035473104754,-8.882488705190925,0.017128775862193336,1.0047848343605732,425,5690
-37.99007104935952,-6.332190466503234,0.006827088288668732,0.9978632540881872,454,5700
-40.72003290652794,-6.875348206956497,0.00016805496143768554,1.0004338202024061,421,5710
-40.2420886223354,-5.201811369415793,-0.0026671882267147924,1.0010974711495124,505,5720
-39.22357648109291,-1.2318431133800556,-0.005700407667927857,1.0042078403190793,497,5730
-34.44057418299356,-2.183322250628363,0.005700517604842902,1.0016113690734598,510,5740
-32.92625122383918,-3.4580823430862493,0.007089531364876107,0.9967113212654235,559,5750
-41.621884705736505,-2.1859921316960866,-0.015050745609065106,1.0002945117040187,507,5760
-41.117316023161365,2.26858744162424,-0.024278372361017864,0.9917148705465807,457,5770
-32.36121847936995,-0.3402538907071078,0.011929217311725025,0.9995725512124192,385,5780
-24.494603898668345,-0.5045145064422544,0.031359511389343946,0.9905726194104502,385,5790
-24.937786870674888,-4.36066922606849,0.033596119400521256,0.9861235909881471,449,5800
-35.53934239638761,-0.7526834676967853,0.0015114053679281152,0.9778038399895584,343,5810
-42.32342970319927,-5.542566518865328,-0.010824076210976755,0.9854937685706536,399,5820
-46.308150309298625,-0.6474224292404163,-0.01956054533490465,0.992394418895426,406,5830
-39.70549058319293,1.6124294105622878,-0.01039673826609224,0.9868461745287671,583,5840
-37.149475949511924,-0.44113063983089296,0.002192548005675031,0.9927344497282533,508,5850
-35.33930207806081,6.102989669567001,0.004254936648077401,0.9811157562933632,507,5860
-38.52418851429818,3.8505442692338194,-0.0012254221068225312,0.9770946900773609,593,5870
-40.439290190062536,2.4092823409417616,-0.004827070834229386,0.9776780177062708,631,5880
-39.01054145634959,1.0791723972158231,0.003320482257400127,0.9811342021684781,724,5890
-44.474265930030136,-2.401051246324082,-0.005910767612510567,0.9876668150877269,706,5900
-50.51108453203788,-1.6135597541288982,-0.01931514791217257,0.9889436442809628,776,5910
-54.011145676791266,-2.18870269156212,-0.026404256685609615,0.9932994508847428,818,5920
-50.731821932387504,-7.470030231123553,-0.012574822214693127,0.996618989458848,752,5930
-52.37441386425854,-5.58770574038966,-0.017811160463031203,1.0012000639926768,600,5940
-52.234601074305466,-7.101588434129101,-0.015465370449567405,1.0029419888556381,377,5950
-48.392177466725684,-3.3932429253316183,-0.007628131634643493,0.9993976211591518,254,5960
-47.06311981978706,8.557447234796552,-0.025321520310485006,0.9991183220394526,387,5970
-36.34472253163564,1.7748891969730038,0.004330063090517792,0.995775276067683,365,5980
-36.43342703797928,-1.4939833627517396,0.010673953252240805,0.9967230281640589,273,5990
-40.36386220272227,-3.593164643483173,-0.006505388184122374,0.9973944149974379,360,6000
-40.17861776048848,-7.326309419193539,0.0009744533172216711,1.0016221088436623,559,6010
-32.494679966768004,-0.7923506378821198,0.005230177686731139,0.995225801773996,831,6020
-34.375879012040016,-5.268947829478252,0.004943424005142593,1.000481222378023,715,6030
-35.73450137979812,-3.877517343064688,-0.003223223295907449,0.9991301270741652,911,6040
-33.155707822428916,-0.26552094612390686,0.005593151699099139,0.9945370001241004,925,6050
-31.837016989394396,-4.133158763804471,0.011849170725012763,0.9950544858958027,939,6060
-34.9987798275252,-3.191263461986257,0.0019902409345285807,0.9947794848187784,948,6070
-35.09992669424638,-5.25938921614952,0.0015652543405654479,0.9959544176245407,966,6080
-34.574248719063036,-8.934915754932753,0.007379266203622763,0.9991097747578476,953,6090
-35.01685824159389,-5.218124867988937,0.0002992477448613124,0.9979869008692224,894,6100
-35.635730981382004,-5.958510069273591,-0.0017654967578618974,0.9992117377631585,874,6110
-34.127731534997416,-6.475491824422252,0.0019736131788354538,1.000956590812879,937,6120
-32.92577746251313,-5.578349389503527,0.006379079196785248,0.9989713743440519,901,6130
-32.863682883443744,-10.142821053803177,0.008744333245023127,0.9981302692781944,934,6140
-37.293269619222265,-10.46112115364366,0.001552103265777521,1.0017680817576984,964,6150
-36.32657948576876,-10.351267554320831,0.0018466061255847548,0.9994661410614462,825,6160
-33.623138125254584,-8.74045592484983,0.004956988802930614,0.9984812703764443,930,6170
-27.462949278179078,-1.385996267740149,0.014837561608281548,0.9920343116435553,879,6180
-31.112238288304862,-3.36909931932193,0.010806870449220855,0.997544295742628,840,6190
-32.93403500811529,-4.331460683449447,0.010668892100038145,0.9972805474409165,859,6200
-35.73305125695228,-2.0301775248648073,-0.0005429659266641791,1.0007207868553727,854,6210
-34.79714620463067,-3.8677379989451763,0.0005500455435624538,1.0003581379669668,734,6220
-35.33101191711798,-4.2285708170203264,-0.0002660842204033834,1.0015642776408356,799,6230
-34.09209995065474,-5.848594469101708,0.0036950476365203372,1.0013479491130701,919,6240
-33.929016697452646,-4.687928373786009,0.0002673929573484473,0.9998136853504779,765,6250
-33.94545393909683,-1.0092097442627108,-0.002884902571702356,1.0002296379663196,1010,6260
-31.811256973051176,-4.016093622612216,0.0023118034998609,1.001286044086377,948,6270
-30.704980167410017,-3.781775465881883,0.0060708241416938605,1.0011916907862946,909,6280
-31.134135667937066,-5.596734476144464,0.0032628072403518026,1.004332981862716,845,6290
-32.51024459734458,-4.319903527192027,-0.0070811911804505474,1.0033785326248075,849,6300
-34.34673066242669,1.5002870043497278,-0.020218693365865067,1.0036841187707664,966,6310
-26.570677451433635,2.1820991181981184,-0.0010047637573942611,1.002930419747142,895,6320
-23.4354709825616,4.118264298451793,0.006637062542403815,1.0027244718095996,794,6330
-25.17467875812318,5.682004440461041,-0.0015517592940912566,0.9992367012116314,915,6340
-22.44343269200438,-2.443480256810202,0.012682660405843402,0.9975511503462651,754,6350
-25.929543698808303,-2.33949503800743,0.004741263084819563,0.99909037587807,857,6360
-28.180325683216406,-9.172709430872974,-0.00041695186218349743,0.9985975080153621,676,6370
-31.185701755474213,-10.23579186335397,-0.006353414360420432,0.998977846681882,828,6380
-32.622868026343646,-7.527654424537855,-0.014448457207204283,1.0000464338716752,831,6390
-31.87961964249742,-9.029886822511783,-0.009287590339208262,1.0013945718214143,833,6400
-29.7542443757931,-5.723941674059931,-0.004745618052681859,0.9996870241794503,727,6410
-30.13455319180614,-5.786982171456861,-0.00024118822051783263,1.0019476743099913,790,6420
-29.399679478397243,-5.36531236333985,-0.0005801001475859633,0.9968409750347353,735,6430
-31.539534587335325,-2.9474008090283887,-0.0032002763621375154,0.9995133016624649,519,6440
-36.17981336472301,1.1377171015376293,-0.02010472460385563,0.989372164314974,398,6450
-32.425303902429654,2.27029062039727,-0.004835094873214471,0.9793891914638896,223,6460
-27.246355656373154,5.99678350619698,0.0007221358903173278,0.9672917523179141,304,6470
-42.13888708201349,-2.6331766408446455,-0.0014940399009456147,0.9932501212346858,403,6480
-46.90733742073633,0.8060365118530802,-0.016589664628940463,0.9940437412836921,462,6490
-51.17339461125579,0.11829612064909235,-0.023161031230500867,0.9951519750017723,522,6500
-49.34855222059217,2.664530277399215,-0.02533677337563778,0.9978577691574415,606,6510
-40.81414137918145,3.968156696886228,-0.004691642750048004,0.9924735893390881,566,6520
-29.232739654809084,0.49956776867207875,0.022133485925299217,0.9876446830585862,645,6530
-31.313322406455693,-1.0388608539323319,0.01846557331347541,0.9823975923215489,657,6540
-40.67416176300735,-4.968411621423737,-0.0016357499607610366,0.9864726481478381,662,6550
-46.76103961231995,-3.657407185542816,-0.022605196350616922,0.9873619689260208,429,6560
-48.02377908212072,-1.9443932600685594,-0.01764821502648109,0.9899360515900354,550,6570
-45.51619374378212,-3.804282557375322,-0.006249560439363094,0.9905662097853178,504,6580
-46.4444525101294,-4.451313559404822,-0.005455393474113997,0.9973368705514328,552,6590
-46.005352014249546,-8.340827734815552,0.0068109317993237046,0.9970302934617971,480,6600
-46.745957986092854,-5.138563160160908,-0.0004219967685074539,0.999797609407538,463,6610
-50.05735439846098,-5.553077239929167,-0.006744230083440207,1.0143941519326676,371,6620
-46.25217663220859,-2.4314409133859165,-0.0050394773978719625,1.0035016780538688,490,6630
-44.72821758889866,-0.591366359726802,-0.006063570819112343,1.0038446009818323,418,6640
-40.04035929932036,1.148541916149129,0.0020312314140173977,0.9977380278001352,480,6650
-37.97807567843562,1.3859287241538591,-4.9293934715954645e-05,0.9877189295629802,414,6660
-42.99993335773605,-3.3190856376177527,-0.006292875241401922,1.0008005216569413,406,6670
-43.898232068577784,-5.965309649293585,-0.009014566383124483,0.9983601997319524,395,6680
-42.67765617100881,-2.29202805171596,-0.01390879524341899,0.9880089873837137,349,6690
-42.21534319045666,-1.7137486455837778,-0.019038172026916815,0.9868714006667968,383,6700
-43.09229258423309,-2.3268678587458043,-0.016530034149590228,0.9902000945051691,389,6710
-44.64689236488971,-6.4213244644970935,-0.007233232367243026,0.9997978719612335,391,6720
-40.88686886083367,-2.545348839356013,-0.005042323940288759,0.9922949937146175,356,6730
-41.50074188310413,-6.756771172983156,0.002337478931524008,0.9968280309116202,315,6740
-43.08816812139117,-2.073041726874572,-0.003187371700180256,0.9861006801724151,427,6750
-45.169526229379365,-2.8018942421210298,-0.00750378421120293,0.99018863326353,460,6760
-44.05851295078178,-4.324038267189974,-0.002249990722384102,0.9941506962410191,457,6770
-47.42579392223389,-3.0794301066942915,-0.006400102460946176,0.9992873431937894,417,6780
-46.77050799312093,-3.007507255610625,-0.00430767445729124,0.9988586215630622,369,6790
-39.78065274763037,4.896354661949023,-0.0012528744386877304,0.973713669926186,500,6800
-45.038650138310494,4.783917034756409,-0.007772983976360026,0.9792771967020971,568,6810
-44.49710660343344,3.419011667628664,-0.00826844045122869,0.9798692096372319,530,6820
-48.18105732605582,-0.246940364056425,-0.00765706538260294,0.9881411546050242,757,6830
-50.27507532008317,-1.7756060330826444,-0.01006632867427083,0.9912557420036285,853,6840
-51.06159543481481,-2.444251378481043,-0.010508625319481933,0.9910920909038524,860,6850
-50.022323155442905,-1.4765103130058035,-0.009562660342936758,0.9885301369013233,885,6860
-49.343370145885245,-3.423079583472513,-0.002349192123123961,0.9913793478049602,763,6870
-51.38768393499442,-4.836214539288513,-0.006107060792031891,0.9933775343357863,705,6880
-52.5097751414838,-3.944410315282622,-0.00834079635872815,0.9863630562481858,448,6890
-51.71321844940367,-4.793314850468175,-0.003230294115953579,0.9870795828422063,370,6900
-53.447901049500615,-3.0286460333969103,-0.005188285030369042,0.9932396152884289,358,6910
-54.04876856217651,-3.5573408090561083,-0.005175104172909955,0.9992763893420396,487,6920
-55.9032719313394,-3.079350870749869,-0.010120582211494129,0.9996580273782848,379,6930
-55.315392668080584,-4.272806019057497,-0.009013223328110938,1.0010180241632458,390,6940
-55.167890664164425,-4.5878934744773225,-0.01220105472606355,1.0014648718328247,351,6950
-53.74611429646787,-3.2007848031569983,-0.010646081856349824,0.9994599755017167,395,6960
-54.62595853228654,1.0739226275605935,-0.017148922183941248,0.9917984989825088,381,6970
-53.15299786297544,0.577849352356881,-0.012357602936143068,0.989346174438972,381,6980
-53.182810582300185,-2.599413842261478,-0.010950546611418473,0.9933904647943586,283,6990
-59.48889399467829,-6.080902642601072,-0.0216421201845614,1.0394779753480656,175,7000
-53.95280959983127,-4.448292549152006,-0.02294623334429484,1.0222236083251057,134,7010
-36.371718096482425,-4.906919591365622,0.007647735301145268,1.0015703782415657,218,7020
-40.08823924636845,-2.8967284343517137,-0.009362136384185458,1.0037031501402915,250,7030
-40.35572243451674,0.9389303692809203,-0.019209297765984835,0.996832880483286,273,7040
-37.57809197517691,-1.7812463980932496,-0.0026562345570115904,1.0015214797248482,342,7050
-36.58659377079936,-1.3491841755772256,0.0038654602237749238,0.9982526540894333,368,7060
-35.55428420737514,-2.953910078536745,-6.830869040634293e-05,0.9957100619131957,361,7070
-34.7441324245564,-5.489129379985962,0.0029761849533378867,0.9981978844723851,324,7080
-35.59516264579542,-4.656410935180589,-0.003269310344533069,0.9865433715620471,293,7090
-41.009134861620545,-7.089506737003045,-0.015893474104312636,0.9956257668433166,281,7100
-40.60863772869868,-5.721750631769964,-0.008866818704346854,0.9960460308690259,259,7110
-36.28445739931172,0.03134614436946476,-0.005614795835861496,0.9948000261864398,282,7120
-35.75030601977896,-1.8394080095305494,0.0015373564764729097,0.9952960557565435,256,7130
-39.99842746041223,9.0066322864052,-0.026100006957213526,0.9695751425719406,237,7140
-41.91648436588447,6.920005015865663,-0.031134812130448716,0.9664039068457124,231,7150
-49.082424878005774,7.3885464320025305,-0.04463730247867864,0.9709000256383064,186,7160
-47.83345901188758,-8.591224256990996,-0.0005127371902958734,0.9877824599174573,186,7170
-51.39074495637725,-5.666623758057621,-0.006480036376464089,0.99341953294554,209,7180
-54.26127196534064,-3.523319362173717,-0.011367415009288765,0.9958824419928642,298,7190
-51.934403500996076,1.400884702501626,-0.012670971973642852,0.9839228417876682,292,7200
-53.282022095863496,-2.618358322557257,-0.0038571559422124033,0.9959807993311859,374,7210
-53.73677176389198,-2.42471471260476,-0.004335599479108023,0.9978895063377817,376,7220
-56.43703906860521,-3.23515590034138,-0.012855420801496572,1.01053729900388,276,7230
-55.45569190553217,0.6689650481273656,-0.012119975911837878,1.0067526660930601,341,7240
-45.020435508230875,3.3062800319745036,-0.002396768120500543,0.9982137714366355,527,7250
-39.523895134194646,1.258440852663236,0.014532522588766559,0.9943833356227645,507,7260
-45.842345983040424,-3.509166073391953,0.002539964974672396,0.9973563296334069,455,7270
-49.54467839108201,-4.692345942898299,-0.019922328678795894,0.9937957579366735,390,7280
-47.35742318869264,-4.175700310200541,-0.014088455668165665,0.997265828132912,345,7290
-50.66463884266739,-5.889037338920615,-0.01659745693411912,1.0272618739400423,334,7300
-49.75527784047865,-6.955031375541912,-0.013758316812084642,1.0272938856415892,320,7310
-60.5097325435038,-1.4352503033331585,-0.03740906468852858,1.0312368264815122,271,7320
-52.47694569070498,1.1014971658889066,-0.03752564212378773,1.0131169298554439,300,7330
-46.907921251721916,0.8992670654805868,-0.030508812770126143,1.0125147999633664,331,7340
-37.39695742147919,1.999271865296722,-0.011651798871601768,1.0027110683637823,441,7350
-33.65128939588486,1.6382069747452328,-0.004606258766587009,0.9924250179003897,418,7360
-36.53717448712722,1.7578362000967245,-0.012624627814788576,0.9941170664957498,439,7370
-37.285553927882205,-1.7970355753499403,-0.014444649073110234,0.9946201933033783,331,7380
-39.38447774152575,1.1264839928416333,-0.022855631860001384,0.9885864985802775,303,7390
-38.98014643276501,4.193568934511939,-0.025350468454573713,0.9760348394665205,201,7400
-43.551213881176665,-4.289258201902738,0.004503401007925771,0.9932333981976597,196,7410
-48.20890361885728,-0.9562167217701603,-0.008983593824653389,0.9949758150331571,205,7420
-40.76374745944458,-4.641900349436004,0.019060325829394258,0.9917663203700644,237,7430
-35.56613929998952,-3.639984187261767,0.02865704420767242,0.9902975368682293,240,7440
-36.91559095334422,-7.615064037526627,0.03186837797416851,0.9920355932826889,206,7450
-44.89873950586232,2.942280379536898,-0.006449265026662458,0.9662584543613704,195,7460
-61.66839769655665,2.0981094892305405,-0.030031033609478612,0.9841585327071309,214,7470
-54.83931343404599,-3.0457071818380337,-0.009860546170558156,0.9910238248184042,242,7480
-51.14873304096691,-5.326024475370749,0.012369697836958786,0.9899282552474181,262,7490
-51.491308226005046,-14.573865822552236,0.02035942940498455,0.9995832420961352,309,7500
-61.62067911705259,-16.279654625007407,-0.0010287450648570461,1.0082906690279716,309,7510
-65.82856511403921,-11.288945970210964,-0.020096231788712567,1.0118485831040651,311,7520
-59.28834388022364,-10.10124097225016,-0.005138350054625636,1.0125847351246118,265,7530
-50.00138584877118,-7.462846766937816,0.007934923608079408,0.9976279943678029,355,7540
-50.75409808162131,-9.484938172065998,0.012794431043682003,0.995789830320063,417,7550
-52.94077776932715,-11.507297670381956,0.008880312640414624,0.993968927439265,408,7560
-56.47214640477209,-7.920712596383442,-0.001965712002151291,0.9936530104549001,413,7570
-57.31765566043602,4.479062016316714,-0.022126481156613753,0.9809776237094027,471,7580
-59.16538163200131,9.563424455670246,-0.021968557125865457,0.9876096800688031,503,7590
-58.202466862938145,8.793513785597868,-0.012057023179903427,0.9892620714893466,502,7600
-58.825795006910994,1.9218446337344368,-0.0004931271840734834,0.9956402098001912,456,7610
-60.05509734385692,-0.7667900602547887,-0.003728454863840474,0.9979832042696609,384,7620
-62.02226575491019,-2.6226090310641874,-0.011059617024074675,0.9995081333356605,230,7630
-49.55199162296724,-4.420727641281655,0.007293399814192564,0.990047279494375,316,7640
-55.45875680382105,1.2480714860023678,-0.010540559911554497,0.989276114171047,382,7650
-54.00968823817456,-1.2634939080642473,-0.01414554178304689,0.9846939232110151,387,7660
-55.148818904045,-0.4832500672378971,-0.012607886038371879,0.9862249962038686,418,7670
-52.13033711476847,-6.061086163953808,0.002480843048609659,0.991722536513531,416,7680
-58.973412273818276,-3.2939807933832705,-0.01549178697810763,0.9896788575577548,391,7690
-58.58333198535569,0.41792378354329784,-0.01992064456504848,0.9952992941580574,323,7700
-52.608701596239584,-1.891642742392174,-0.001960610243766178,0.9947424612082829,251,7710
-51.94478432037921,0.9839096963699192,0.0017832990491511236,0.9922313678816986,142,7720
-56.18229745545125,2.1221789428776554,-0.005705250510862108,0.971967262464518,118,7730
-64.42107556142219,5.078094558288359,-0.026554536775880606,0.9788948969030068,118,7740
-63.397701235066535,0.3377325510142937,-0.009279674434144094,0.9911752111584324,186,7750
-62.55971773243177,-4.298779314466121,0.005684405778131428,0.9904704167468189,185,7760
-68.28806460003561,-1.993406946580435,-0.007394488551724208,0.9897536353652394,270,7770
-72.87187160448588,-5.960782862379209,-0.009127521772033593,1.002310091605222,228,7780
-73.24091459681105,-12.321883992580114,-0.014754591891888555,1.0076405917072349,159,7790
-64.39212063071002,-7.127992615023956,-0.0016285538865562406,0.997821477005679,220,7800
-58.474851467624006,-4.450900691753375,0.004479679476057526,1.0003070194333419,249,7810
-57.77885075157624,-2.0521540843421553,-0.002818985224925691,0.9978902816032983,264,7820
-51.73730225822616,-7.136541672912043,0.0038361575817610427,0.9932059904040225,253,7830
-60.06438284311159,-4.535648530600994,-0.01697552176769201,0.9981294654697174,255,7840
-63.77845607796982,2.313952369674012,-0.029746595383438237,1.0093635208431273,237,7850
-56.89605499520656,18.769030898770733,-0.030620849927577815,0.9963150315978745,264,7860
-46.65592151226515,10.141899734753977,0.016073534100927163,1.0149708886395725,325,7870
-39.40460517456044,8.24131998574587,0.03458912147717763,1.0089071777091936,287,7880
-40.29071338426373,1.4111034362641686,0.028448188481805015,1.0056382367480834,304,7890
-37.37734519439638,-4.982298766015028,0.03123677075462107,0.9918188885790173,286,7900
-47.41488223719776,-11.177923104990292,-0.004487482906660368,1.0032767518984884,309,7910
-53.04461885573149,-16.085916733235575,-0.017765524912521858,1.0137321892771192,243,7920
-49.5027544020693,-11.582789567343077,-0.019522937747714873,0.9900889191251676,374,7930
-44.880086390448625,-7.410374714322828,-0.007019956452650834,0.9862316164141228,381,7940
-37.552166369954406,-6.20709148031014,0.00773976590296878,0.977796194517407,336,7950
-40.62738298506245,-7.834530056067077,0.012539726041417648,0.9822812739908068,371,7960
-48.38570451568763,-9.019420852478989,-0.0019098910113951127,0.9889488481592378,350,7970
-53.75987899369628,-9.23792039489337,-0.013089829561522853,0.9934494031099947,275,7980
-47.16243152766077,-7.305055215395418,0.005156559613514396,0.9896748664614068,247,7990
-41.26784787968807,-10.161634661413238,0.03283665129865393,0.9861527519426786,161,8000
-49.490343236557116,-9.475586442266774,0.017924724295171217,0.976437853402741,170,8010
-64.3744877267129,-5.134941076666992,-0.014500883090442104,0.984498150892677,179,8020
-66.15709224006258,-8.823053278071312,-0.011114647667217946,0.9967749357760799,151,8030
-68.57117366145017,-10.23876281911022,0.006983756839431139,0.9918059143600618,119,8040
-73.34367943223269,1.5156097170816794,-0.01582604132465951,0.9936504744572205,189,8050
-74.31270739661234,7.960141243787468,-0.021161854861756223,0.9934645094382984,217,8060
-67.29547485989613,4.595456783015894,0.008483771418543848,0.990731186875364,231,8070
-71.20525214797834,3.870530086608482,-0.0014558163416591675,0.9863953356256073,144,8080
-71.72164049934729,-0.010241521502123293,0.001487300735096889,0.9933908529323731,125,8090
-64.25988135428317,-3.5542779094679835,0.023649348397340002,0.9961798200085238,161,8100
-62.29564637262979,-1.2595358726863657,0.00865268707461986,0.9883742474222771,206,8110
-63.5071040697262,-5.851839905470268,0.0006530948976333418,0.9938048553293293,193,8120
-69.57533343111966,-8.760997889936235,0.0006913819182624002,0.9989247329478177,159,8130
-62.85826564701115,-18.553085290369722,0.008246026031783586,1.011813918012658,103,8140
-62.81513452599984,-11.665351807987491,0.0007870978576422191,1.0129092261047414,134,8150
-59.338844232521986,-10.501024541885773,0.0018072879845997326,1.0144922253501731,192,8160
-55.308786289024155,-6.8880860235336785,-0.0008399261104720595,1.001683031274603,281,8170
-53.25118100641253,-0.4362507673484404,-0.010372354337250991,0.9942616339245717,261,8180
-56.82048229473568,-5.533992861422141,-0.008202902607198198,1.000679254179017,274,8190
-56.37491297096413,0.45762537838345324,-0.01918500072039806,0.9798910377739274,229,8200
-57.27876993033911,12.995877731567159,-0.03415327850826968,0.9755793565011187,224,8210
-50.607372080038694,4.453648250469015,-0.004993676620946084,0.9924862239766509,212,8220
-37.973741444708836,8.36864121497653,0.026875449558882183,0.9716549762520029,222,8230
-36.19483564835564,7.254637011659055,0.021621428939158367,0.9602918737903305,156,8240
-58.35425667573022,11.689028047128163,-0.0312050247160054,0.9671560822665772,263,8250
-67.28192562111347,-1.466902532230821,-0.010309765043603758,0.9836378391211872,304,8260
-68.30780475254895,-7.399623275619284,-0.00960999408566254,0.9902595134022543,376,8270
-59.48198271229478,-12.3190477888058,0.007731374515739843,0.9950677813108553,497,8280
-56.98530172411773,-8.31900686332261,0.007843831029562766,0.9905951705682715,521,8290
-61.61745574973306,-10.057111730294672,-0.008089535252479114,0.9915365316968235,527,8300
-71.49204121934109,-8.086712702895719,-0.025680422321865667,1.0081664246002806,462,8310
-71.28781303064315,-5.181659469246879,-0.03007388263689065,1.003747451014514,427,8320
-59.956314927318274,-7.408426172927395,-0.002160853072232665,0.9964774561499825,423,8330
-60.48227850174018,-1.3302475613971798,-0.01374023537149662,1.0009316592338426,394,8340
-55.15477279153656,-6.476352878407432,0.0020485454123270307,0.991675109452534,574,8350
-66.47608468024599,-6.428425055136045,-0.022362493277823404,1.0114544898407023,437,8360
-65.97276374732917,-4.864317708761094,-0.013099080083476109,1.0167668297877501,338,8370
-56.173523170189775,2.8314673490004463,-0.01058597046219059,0.9992134134269183,480,8380
-52.51288466962738,1.8226104506576049,-0.0007156978765060259,1.0039201227179244,523,8390
-47.18478958788899,-0.5489506091053303,0.0066468744873710624,0.9915844365238873,446,8400
-55.33150056497308,-1.0795114266610588,-0.012294866607341876,0.9896545016747911,408,8410
-59.500492893565664,-3.7528185035607424,-0.020676109480299264,0.9956291317854304,340,8420
-57.68833687515046,-7.835165321770445,-0.014879287974255757,0.9913151201302662,434,8430
-55.742417118752634,-9.170565308333908,-0.005108455860724429,0.991666965595138,515,8440
-54.97632571687641,-4.080628314624526,-0.01448825087273045,0.9859710069612264,671,8450
-55.79177454059147,-0.5866781950073987,-0.022501923465207165,0.9773655656615,527,8460
-56.379649426238025,-5.1572550259270855,-0.0110935798905028,0.9833116205692273,437,8470
-50.14490480838481,-4.034370995823148,0.011628959381138929,0.961218816105763,324,8480
-65.8190613126721,-6.378168140763642,0.002424358920329254,0.993558484315297,357,8490
-64.87329061236402,-3.1018401806370477,0.001769397714439219,0.9862958365564392,528,8500
-65.47279178824725,-2.6440911623790564,-0.005924073677365826,0.9827353726465824,561,8510
-68.6813689087476,-3.495952618461913,-0.009676396574133267,0.9864279853618992,608,8520
-69.26168709441718,-4.257089731651831,-0.01067066397359189,0.9834377489566561,492,8530
-71.14701565246382,-8.367483693247625,-0.006596583033378075,0.9972155317784385,463,8540
-73.15368041805016,-11.830622821167617,-0.006146977474049835,1.0033966620562762,385,8550
-71.01945948018776,-11.55985445746107,0.004034266785286844,1.0006599071615558,387,8560
-66.27201496791547,-7.864879521173269,0.0056649579420728026,0.9959907613701946,385,8570
-64.16887756214405,-7.261443922780732,0.0067626975184796045,0.991227622116428,369,8580
-66.04610258720462,-8.651351916906595,0.005306228505666707,0.9886775202763579,263,8590
-74.47543463050798,-7.784760401512031,-0.01029320428498306,0.9969494885236821,296,8600
-73.6703050289461,-6.7514650015196835,-0.01462659760392345,1.002369904507261,241,8610
-64.4092453149057,-5.301285821217446,0.005303769315312121,0.9893900980257856,243,8620
-60.232794459107616,-6.1835046567453364,0.018223418689078417,0.9844314025321843,236,8630
-73.85388390418404,5.73945359708454,-0.032115750471351304,0.9875067541140112,189,8640
-70.67065104082936,-5.735460872760486,-0.013704006734834899,1.0010024141033398,217,8650
-64.75970427996585,-3.1157918673732947,-0.00809736574000286,0.9855046475023088,241,8660
-64.12437838889363,-2.283242586998193,-0.006313539103619356,0.9915015999088419,262,8670
-59.419585559957916,-2.071543635937115,0.005154287927390768,0.98928836096477,261,8680
-69.96692177785904,-2.3046118892657654,-0.014483347248959689,1.0090372514456187,302,8690
-60.7092151213649,-4.561866914049932,0.003002827560370891,0.9792614374563263,281,8700
-65.92141092911078,0.8636192271108698,-0.023839253404464286,0.9718406318191997,358,8710
-75.37360750098648,-4.120064287386801,-0.02204430438892501,0.9979501385119901,389,8720
-62.45796103084103,-5.401991163261624,0.009882210533981983,0.9903980209426982,428,8730
-59.23819056668237,-6.496547824632695,0.01652455265195529,0.986533124591423,407,8740
-62.65554905987941,-5.685140004986115,0.007210394195492213,0.9818690363981939,369,8750
-61.38651579335142,-17.935927142665268,0.02627676388760583,1.0091763286723963,277,8760
-59.25343211830687,-16.1219306980802,0.030815778761041593,1.0126288147490272,271,8770
-51.39840751269809,-5.863060940346429,0.007444767386265351,0.9822977843634666,398,8780
-52.95423987168697,-6.889291439815528,0.011975346265070342,0.9803871020216978,385,8790
-58.16989101236253,-7.055575488257438,-0.001849245278933106,0.9791233690724255,344,8800
-61.16044931096357,1.908484434842331,-0.026319243703334966,0.9738348296779836,300,8810
-52.21012922319633,-10.647192775238931,0.027255379482924832,0.9874990044306587,394,8820
-58.78216945779286,-6.8927741776308205,0.019677827859484184,0.9981938324224351,381,8830
-61.66406681054036,-9.217277731783616,0.009537241646335508,1.0007297117613227,386,8840
-61.399163251749194,-4.207277358517503,0.002270580745458653,0.9928514907614985,433,8850
-60.495087651419404,-4.859454701250387,0.003166724519436042,0.9986171729924042,251,8860
-58.38974615439736,-8.484010482088344,0.014874733833780867,0.9970484929045328,152,8870
-57.32883261471109,-8.414723035370573,0.011428565103205928,1.0030841351152022,168,8880
-52.66329620867338,-6.4560133545739715,0.008089708664261772,0.9929009349204656,180,8890
-57.17729661062988,-6.639449341601096,-0.007577786913637435,0.995344781994861,322,8900
-54.76772391166057,-6.374449976960735,-0.001128567915298381,0.9968436715215462,436,8910
-53.882644154272114,-6.960063785064321,0.0070352414944168645,1.00105392984566,490,8920
-53.944980362399264,-5.323645394559544,0.004867331992684973,0.9985295859938498,437,8930
-54.98522689318281,-1.0389849325673253,-0.011526599740049477,0.9884643784658298,389,8940
-53.979630394800616,-2.3193504807393257,-0.007800361017543971,0.9919982539891973,397,8950
-44.444972726065174,-4.884881263201734,0.017350004285970236,0.9954116220379704,393,8960
-48.39666128227729,-1.7207887539998026,0.008599260852434789,0.991147815037632,334,8970
-51.26731702219576,-3.1396346495749294,-0.002614899044996878,0.9946534356700362,242,8980
-43.74738258091795,-11.102547372366573,0.020855305486401958,1.0021260026344745,194,8990
-34.76788317560377,-10.584455133531037,0.045521271620647695,0.9974750057367475,211,9000
-30.17229566512351,-12.442139118733289,0.06228494945494347,0.9951942587770375,203,9010
-41.49796399357071,-11.3745729211027,0.01783041443563277,1.0077482754267983,179,9020
-47.96646172021428,-15.248983488899508,-0.0011358856862477298,1.020787750406318,185,9030
-40.08001313810773,-7.96713040110584,-0.016122740766049717,0.9966954221575339,216,9040
-40.76013698831102,-6.24380222299812,-0.01800599739456121,1.0030411010532954,416,9050
-33.688804150034024,-1.597845711711592,-0.00984492070205099,0.997941986821719,593,9060
-40.09110580825092,1.6361440219598542,-0.017610613005557,1.0069662042808316,816,9070
-39.20063480006857,1.7376039036058208,-0.00938359658035092,1.0054129964961385,866,9080
-42.39220479797793,1.9852752208790356,-0.011852629788429683,1.0062670323000549,914,9090
-42.83689262683056,0.4878860990643646,-0.011811515112506363,1.0063501905841823,912,9100
-38.407796411565585,-1.6255691383139301,-0.005127428818840048,1.0012762064819236,758,9110
-39.467015471687816,-3.875351150954147,-0.004052162920588764,1.006504231775685,723,9120
-43.71561219168664,9.295330894025225,-0.030381009410442344,0.9814056174000013,756,9130
-43.24298610031147,9.799087915005753,-0.030911867647663016,0.9807677510245245,604,9140
-35.813196214472526,1.830446274555338,-0.0054884262852200275,0.9941217780483083,517,9150
-36.21287123189627,1.3535895957181145,-0.0037459844983918317,0.9968782052804679,448,9160
-46.033807823789964,0.672701217844288,-0.017613974761970946,1.0071333350910985,610,9170
-42.31877282233329,-1.2405375349420238,-0.014329486068289814,0.9963611873851398,582,9180
-43.0759035514005,-0.9328061159388077,-0.02239012735566912,0.9922047948741342,651,9190
-41.57741456613572,2.278420959540742,-0.023063144094033927,0.9950350333632773,661,9200
-36.800818157892614,0.5990693514836631,-0.014190932868707928,1.0021742948678365,836,9210
-32.513555344582215,-1.3951577067746408,0.004126164026743774,1.0097341597083298,690,9220
-31.118316327058153,-1.6294189518365854,0.0031734326769163267,1.000882375224356,856,9230
-33.077327560133,-7.041036614214509,-8.393677211571246e-05,0.9908501352550629,784,9240
-34.20388604346629,-9.47318787746601,-0.008470941264459964,0.993330087404576,807,9250
-32.14877693576391,-10.466184534892333,-0.002564779508723692,1.0009835809130523,697,9260
-27.984155383097384,-9.234231226951323,0.0011507504172626332,0.9975354057280373,762,9270
-30.992145272066637,-4.518169444601515,-0.003973889400656357,1.0001516356019793,828,9280
-32.248986428353255,-3.4290277646807836,-0.004791476934974155,1.0010008523875908,761,9290
-33.639005864881746,-2.3253951455229687,-0.0069567402273179035,0.9991001690418084,795,9300
-33.34286146209641,-0.5862514848264355,-0.009098278810953262,0.9965426303740659,850,9310
-35.45066165893676,0.7980271022708281,-0.008187826024581736,0.9991350980778859,847,9320
-34.84861581616576,2.427712674344389,-0.006616550406387575,0.9984659586485233,879,9330
-36.029221613232274,2.9101704825158543,-0.007532132653824212,0.9963227513961607,875,9340
-37.76825027087042,-1.4425490336804194,-0.009893940940706376,0.9951027705994271,783,9350
-43.5071458956071,5.798545722300543,-0.03628407197815861,0.994320760689962,834,9360
-35.9801995636718,3.9831519800611916,-0.010454156327144016,0.9962078441285991,732,9370
-28.775545857013288,0.38410980963101365,0.020328126872138717,1.0009951166338715,713,9380
-29.412085868092923,-0.999830597764479,0.012560963662293019,0.995035003104687,891,9390
-35.77786793122919,-4.396319276631362,-0.0034269671096171564,0.9941611271330909,863,9400
-38.81116327047542,-4.5077923668063296,-0.013277024794053974,0.9946373712932911,871,9410
-37.2985644108707,-7.018467606269908,-0.009131881034553535,0.9953387148196123,874,9420
-36.30009878775387,-2.849270428063026,-0.003966888971126564,0.9960339410150814,893,9430
-37.35391538151795,-2.4064077998379023,-0.0032969457726478007,0.9964138381344504,860,9440
-39.04332206652185,-4.334201748194685,-0.00226429749037598,0.9999014093908054,836,9450
-39.357295597181206,-0.12194187458415653,-0.007983734654947798,0.9972724856722656,851,9460
-37.02212893059923,2.222948287260297,-0.012399181739507685,0.9965992064623919,898,9470
-28.13615003169931,0.750910605699953,0.009311006031807992,0.9951271183025601,893,9480
-26.55587193685055,-2.4311708359481674,0.015924234858560152,0.9948850052907497,831,9490
-34.081778852753224,-7.095030375203763,-0.006781962687778552,0.994532266902211,829,9500
-39.71655799023004,-4.422403435538079,-0.025951454581633893,0.9980130139401622,721,9510
-36.2632321949668,-6.616273356437832,-0.013272999078498653,0.9959460295149299,780,9520
-34.25582892575414,-5.158251395758052,-0.008611707181770399,0.9953445900502251,839,9530
-32.80505463203289,-1.5625874272252167,-0.004391560343363983,0.9930870738764669,880,9540
-33.30536321246215,-1.1627434970461,0.0008422001513514464,0.9930717137443675,885,9550
-31.64185776108737,-3.7391682344058053,0.005469902177647664,0.9928720833558092,883,9560
-34.569713565683216,-1.2898870828737927,0.0014864209115469718,0.9942122212733887,725,9570
-39.549544018027966,-1.9775548618992174,-0.014776279417134604,0.9953217763917513,781,9580
-42.32691348498984,-0.45464986834373405,-0.014962454922414442,0.9976745776854193,857,9590
-38.96271109637494,1.806244765362728,-0.0016364301654162396,1.0033934826457087,684,9600
-34.41614200779786,-1.4551753624625337,0.010153732879299401,0.9995966605282223,802,9610
-39.523536634679424,4.007075977227368,-0.014988938016445758,0.997543220951863,892,9620
-40.56595560823646,1.5243840640977513,-0.008472426488107384,0.9988048000855905,925,9630
-38.208628393556594,1.4289638989046924,-0.0030403342981217187,1.0000336024953271,858,9640
-38.69916189754131,4.819648221815473,-0.010427490360968768,0.9975252477727776,883,9650
-34.04175130841693,1.880398706348606,-0.002725175850570987,0.9960891185992486,937,9660
-37.342611050470005,2.171256967167747,-0.006042622449695454,0.9954307033964002,713,9670
-38.26628464991446,-2.992793800886925,-0.010342898923341746,0.9961068145385289,927,9680
-40.62139264358636,-0.7317558580418996,-0.01836662481898284,0.995685589724013,940,9690
-35.223375046413416,-2.0846041072559163,-0.0015858970832627437,0.9961062810061201,1003,9700
-31.88956211437276,-4.312618774129275,0.010891234651361758,0.9959576211750735,994,9710
-32.19571543633554,-4.570246723224217,0.007341122392768927,0.9962984782481151,978,9720
-35.48998381892518,-4.845607514706428,-0.00111425882280656,0.9961445175971546,940,9730
-31.823420856080524,-4.821947765885213,0.0033818187776530747,0.9955925270669796,1002,9740
-30.32079745154084,-3.58754589420068,0.004009071569826332,0.9954175516715077,1008,9750
-33.03837337192792,-3.523646370466915,-0.00663102582372513,0.9949426140009561,988,9760
-32.86751319686794,-3.7958632334948836,-0.004792036324121699,0.9958130165920945,940,9770
-31.182212603726263,-3.500424480796161,0.0002905125739285561,0.9965394274798347,1006,9780
-31.902251315283376,-5.226503613914657,-0.0005878823664658124,0.9971920154156703,987,9790
-32.697189811467105,-2.714119792135471,-0.007610661174999658,0.9968454448624285,952,9800
-33.09078056028753,-3.58522424695424,-0.00795627244423768,0.9972956227349676,1041,9810
-33.73254204546045,-2.8380764247736945,-0.006684579932345269,0.9973374207028433,811,9820
-30.113665537870453,-2.1299641643526335,0.0009684453647308426,0.9970861625598249,976,9830
-29.496404539295284,-3.2422373303353407,0.004105835997442773,0.9967049332541629,984,9840
-28.95996938846691,-2.8522356811088967,-0.002234972594626686,0.993414459385365,889,9850
-32.075773926058055,0.09336282428136677,-0.013368454868751073,0.9932451900383412,836,9860
-35.940444120666136,-0.11028674072805555,-0.027326768532592936,0.9933954161070364,809,9870
-35.276794479727485,3.266728285620956,-0.027850403616375478,0.9929264016002327,763,9880
-27.595572410337773,0.01367595463241635,-0.0016879583412097855,0.9918668530090676,689,9890
-34.42260658151542,-1.7444814924391492,-0.0034187010907290676,0.9976753130137845,505,9900
-47.41703113177544,-0.734470496936346,-0.03531126361867808,1.0035162718015544,281,9910
-37.2682239976996,6.313018195526215,-0.014092748232703409,1.0001930700779267,439,9920
-28.24165463858366,7.846156259987657,0.0038842076015465814,0.9981586957372561,469,9930
-27.706737034171805,3.101322399178715,0.014529863901079833,0.9940075639468653,420,9940
-35.231466995522275,-1.3016281662862599,0.000445834818512727,0.9919493430699381,358,9950
-35.076284739069436,-4.383077351919532,-0.004315690620136812,0.9874321934910315,440,9960
-32.80629847828572,-5.748654255952063,-0.0005236769613685641,0.9895012280924612,634,9970
-32.60508499522246,-4.669325540259813,-0.0016559989259893385,0.9936824102704379,719,9980
-30.379801173104315,-4.659772752941426,0.00045668875711307494,0.9947736666333341,783,9990
-30.097102537370716,-4.148690335566487,0.003532686746062296,0.9935019180621085,815,10000
-32.15519778663327,-6.6765104820368775,-0.0035356423887104183,0.9952853322551843,822,10010
-30.12307296041544,-3.38819635098205,-0.000628779802378095,0.9921628168884374,835,10020
-26.460941397811194,-1.188315288649393,0.006754666655341109,0.9909628736550776,923,10030
-30.61928672733933,-0.002777358516053874,-0.001041413622766479,0.9932388148869276,842,10040
-28.767685330052966,1.8502123405571813,0.0007513117655982336,0.9895151424320039,788,10050
-26.976225183574737,1.7010217583006768,0.00964639459013867,0.9852461074961864,822,10060
-27.13749265108061,1.0705472745428466,0.006626170348767044,0.9858773751012039,775,10070
-27.414875625448744,0.25988668324774494,0.008553768652657036,0.9863012684920803,706,10080
-22.29441460204213,-2.1879155531923247,0.019292184935663204,0.9832691915779262,570,10090
-23.034477150335224,-1.5856188200953856,0.016471218160256165,0.9834793747059226,477,10100
-24.00530317359038,0.1321708561610216,0.012313655001302468,0.9618511256016874,408,10110
-28.07239947575436,-0.26703488194954494,0.013256004726698918,0.9596716009853958,348,10120
-25.024023160482045,1.3790691438518157,0.011679647875343212,0.9559742203210028,334,10130
-17.461573218694813,-5.312204118297608,0.029870051701996435,0.9624043006609628,240,10140
-27.748537571858776,2.230784575640698,-0.005311698181359138,0.9524073091832223,227,10150
-39.811691929129154,3.057011120911638,-0.02867394879756457,0.9683037632608804,166,10160
-39.61207131154704,-3.1255798759161353,-0.008921281869474426,0.9802476967305946,141,10170
-32.969171782418044,-1.7316751550517282,-0.0033131350445970756,0.9723411520161453,168,10180
-27.154424491660794,-2.940431330258966,0.0166196637450786,0.9656516520063503,138,10190
-41.252125463279874,3.0598612607414464,-0.019946464886036908,0.9673047593846431,116,10200
-53.98744179980623,-8.306482098010013,-0.005913257887135887,0.995347021244201,156,10210
-46.75051224035235,-6.460007227158179,0.007544864861103329,0.979992608217409,243,10220
-46.55562440588897,-1.920054358790192,0.003911596457578749,0.985153906607384,338,10230
-42.046979833531395,-2.536452930845867,0.010348511650522753,0.9858009733271899,360,10240
-42.85496216246714,-0.5539180088845251,0.013838082063815553,0.992174413956227,438,10250
-41.13931655468252,0.6699037373749622,0.01796164533662588,0.9847439840393649,581,10260
-47.588996456109044,-1.9293962641334466,0.015530832008289957,0.9925013093583106,661,10270
-50.186995655851675,-3.5494240734203726,0.006762543292509022,0.9955049824581443,572,10280
-52.833820321273244,-10.935368789828463,0.003744051552269092,1.0075433015364825,533,10290
-45.43393443173036,-11.822668130620187,0.0097840789830792,1.002137338780822,597,10300
-39.584340890749466,-9.41141745220076,0.016276119384037703,0.9980507484923343,535,10310
-41.24515596501058,-9.795004896048589,0.008778527014052026,0.9970445852433768,676,10320
-41.206434567721566,-4.821733592685214,0.005650180496364772,0.997931864011118,695,10330
-39.27722343348518,-4.975586297548778,0.007817413673332685,0.9994158344632361,717,10340
-44.82176432751384,-3.954425188550047,-0.0039935454468073206,0.9988922890188766,671,10350
-46.86154922594194,-1.3473070645659901,-0.0061387033686125,0.9992826846508411,654,10360
-44.3871878983853,0.2877940284147845,0.002585402237584612,0.9955309297348991,591,10370
-41.06312750602009,2.215745124891101,0.009919400869905287,0.9933862735127046,399,10380
-39.41089554009603,1.1765962746550873,0.016698584928403183,0.9923546833605901,420,10390
-46.054653909009886,2.2291027410051267,-0.007642322580225082,0.9828633419334867,441,10400
-51.01405934365808,1.7213811078695844,-0.017387965267879116,0.9896634294165881,420,10410
-52.14026703499106,-0.7610091479719523,-0.009938583528444355,0.9959591928226851,430,10420
