детектор,eps,n0,grad,rep
SIFT,1.0,426,34.83000183105469,0.26184538653366585
SIFT,3.0,426,34.83000183105469,0.57356608478803
SIFT,5.0,426,34.83000183105469,0.7381546134663342
ORB,1.0,1979,34.83000183105469,0.2797055730809674
ORB,3.0,1979,34.83000183105469,0.6267087276550999
ORB,5.0,1979,34.83000183105469,0.750788643533123
AKAZE,1.0,195,34.83000183105469,0.2736842105263158
AKAZE,3.0,195,34.83000183105469,0.6842105263157895
AKAZE,5.0,195,34.83000183105469,0.8105263157894737
GFTT,1.0,725,34.83000183105469,0.15944540727902945
GFTT,3.0,725,34.83000183105469,0.3847487001733102
GFTT,5.0,725,34.83000183105469,0.5493934142114385
learned,1.0,680,34.83000183105469,0.19696969696969696
learned,3.0,680,34.83000183105469,0.5168350168350169
learned,5.0,680,34.83000183105469,0.6397306397306397
SIFT,1.0,1351,51.782264709472656,0.12699905926622765
SIFT,3.0,1351,51.782264709472656,0.535277516462841
SIFT,5.0,1351,51.782264709472656,0.7629350893697083
ORB,1.0,2000,51.782264709472656,0.33949666153055985
ORB,3.0,2000,51.782264709472656,0.770929635336415
ORB,5.0,2000,51.782264709472656,0.8577298407806883
AKAZE,1.0,768,51.782264709472656,0.22580645161290322
AKAZE,3.0,768,51.782264709472656,0.6521739130434783
AKAZE,5.0,768,51.782264709472656,0.7798036465638148
GFTT,1.0,941,51.782264709472656,0.10225763612217796
GFTT,3.0,941,51.782264709472656,0.49667994687915007
GFTT,5.0,941,51.782264709472656,0.795484727755644
learned,1.0,1409,51.782264709472656,0.14320987654320988
learned,3.0,1409,51.782264709472656,0.6123456790123457
learned,5.0,1409,51.782264709472656,0.8032921810699588
SIFT,1.0,808,39.542232513427734,0.20537124802527645
SIFT,3.0,808,39.542232513427734,0.5229067930489731
SIFT,5.0,808,39.542232513427734,0.7535545023696683
ORB,1.0,2000,39.542232513427734,0.2630005977286312
ORB,3.0,2000,39.542232513427734,0.5815899581589958
ORB,5.0,2000,39.542232513427734,0.7184698147041243
AKAZE,1.0,130,39.542232513427734,0.3504273504273504
AKAZE,3.0,130,39.542232513427734,0.6153846153846154
AKAZE,5.0,130,39.542232513427734,0.717948717948718
GFTT,1.0,1403,39.542232513427734,0.13548387096774195
GFTT,3.0,1403,39.542232513427734,0.4783410138248848
GFTT,5.0,1403,39.542232513427734,0.8248847926267281
learned,1.0,988,39.542232513427734,0.1356382978723404
learned,3.0,988,39.542232513427734,0.5332446808510638
learned,5.0,988,39.542232513427734,0.7300531914893617
SIFT,1.0,2001,53.23611068725586,0.19987389659520807
SIFT,3.0,2001,53.23611068725586,0.5466582597730139
SIFT,5.0,2001,53.23611068725586,0.7540983606557377
ORB,1.0,2000,53.23611068725586,0.22026431718061673
ORB,3.0,2000,53.23611068725586,0.5626179987413468
ORB,5.0,2000,53.23611068725586,0.7193203272498426
AKAZE,1.0,175,53.23611068725586,0.1015625
AKAZE,3.0,175,53.23611068725586,0.3359375
AKAZE,5.0,175,53.23611068725586,0.5234375
GFTT,1.0,2000,53.23611068725586,0.11962025316455696
GFTT,3.0,2000,53.23611068725586,0.46139240506329116
GFTT,5.0,2000,53.23611068725586,0.7639240506329114
learned,1.0,986,53.23611068725586,0.0947075208913649
learned,3.0,986,53.23611068725586,0.3969359331476323
learned,5.0,986,53.23611068725586,0.5933147632311978
SIFT,1.0,1709,49.281471252441406,0.1152469577666428
SIFT,3.0,1709,49.281471252441406,0.5025053686471009
SIFT,5.0,1709,49.281471252441406,0.7193987115246958
ORB,1.0,2000,49.281471252441406,0.22637362637362637
ORB,3.0,2000,49.281471252441406,0.6571428571428571
ORB,5.0,2000,49.281471252441406,0.8120879120879121
AKAZE,1.0,206,49.281471252441406,0.14754098360655737
AKAZE,3.0,206,49.281471252441406,0.5027322404371585
AKAZE,5.0,206,49.281471252441406,0.6120218579234973
GFTT,1.0,2000,49.281471252441406,0.07888198757763976
GFTT,3.0,2000,49.281471252441406,0.4062111801242236
GFTT,5.0,2000,49.281471252441406,0.7329192546583851
learned,1.0,1258,49.281471252441406,0.08286252354048965
learned,3.0,1258,49.281471252441406,0.4030131826741996
learned,5.0,1258,49.281471252441406,0.6290018832391714
SIFT,1.0,1527,45.65460968017578,0.12978524743230627
SIFT,3.0,1527,45.65460968017578,0.5014005602240896
SIFT,5.0,1527,45.65460968017578,0.746031746031746
ORB,1.0,2000,45.65460968017578,0.2031425364758698
ORB,3.0,2000,45.65460968017578,0.5757575757575758
ORB,5.0,2000,45.65460968017578,0.7166105499438833
AKAZE,1.0,201,45.65460968017578,0.13450292397660818
AKAZE,3.0,201,45.65460968017578,0.4093567251461988
AKAZE,5.0,201,45.65460968017578,0.5380116959064327
GFTT,1.0,1755,45.65460968017578,0.10610932475884244
GFTT,3.0,1755,45.65460968017578,0.4405144694533762
GFTT,5.0,1755,45.65460968017578,0.792604501607717
learned,1.0,1092,45.65460968017578,0.11507936507936507
learned,3.0,1092,45.65460968017578,0.43253968253968256
learned,5.0,1092,45.65460968017578,0.6375661375661376
SIFT,1.0,1712,52.9831428527832,0.1799163179916318
SIFT,3.0,1712,52.9831428527832,0.5732217573221757
SIFT,5.0,1712,52.9831428527832,0.7812313209802749
ORB,1.0,2000,52.9831428527832,0.26389584376564845
ORB,3.0,2000,52.9831428527832,0.614421632448673
ORB,5.0,2000,52.9831428527832,0.7320981472208312
AKAZE,1.0,413,52.9831428527832,0.30097087378640774
AKAZE,3.0,413,52.9831428527832,0.75
AKAZE,5.0,413,52.9831428527832,0.8495145631067961
GFTT,1.0,1566,52.9831428527832,0.11838440111420613
GFTT,3.0,1566,52.9831428527832,0.45403899721448465
GFTT,5.0,1566,52.9831428527832,0.7409470752089137
learned,1.0,1142,52.9831428527832,0.2021379980563654
learned,3.0,1142,52.9831428527832,0.5860058309037901
learned,5.0,1142,52.9831428527832,0.7599611273080661
SIFT,1.0,2000,69.0818862915039,0.4475806451612903
SIFT,3.0,2000,69.0818862915039,0.7083333333333334
SIFT,5.0,2000,69.0818862915039,0.8776881720430108
ORB,1.0,2000,69.0818862915039,0.4479717813051146
ORB,3.0,2000,69.0818862915039,0.7536743092298648
ORB,5.0,2000,69.0818862915039,0.8083480305702528
AKAZE,1.0,1091,69.0818862915039,0.44091903719912473
AKAZE,3.0,1091,69.0818862915039,0.7144420131291028
AKAZE,5.0,1091,69.0818862915039,0.7943107221006565
GFTT,1.0,1086,69.0818862915039,0.3411764705882353
GFTT,3.0,1086,69.0818862915039,0.6915032679738562
GFTT,5.0,1086,69.0818862915039,0.8640522875816994
learned,1.0,2017,69.0818862915039,0.39720812182741116
learned,3.0,2017,69.0818862915039,0.8191624365482234
learned,5.0,2017,69.0818862915039,0.9130710659898477
SIFT,1.0,1095,49.26262283325195,0.5444947209653092
SIFT,3.0,1095,49.26262283325195,0.7073906485671192
SIFT,5.0,1095,49.26262283325195,0.8310708898944194
ORB,1.0,1997,49.26262283325195,0.4150675195451315
ORB,3.0,1997,49.26262283325195,0.673773987206823
ORB,5.0,1997,49.26262283325195,0.7114427860696517
AKAZE,1.0,704,49.26262283325195,0.4981481481481482
AKAZE,3.0,704,49.26262283325195,0.7296296296296296
AKAZE,5.0,704,49.26262283325195,0.7888888888888889
GFTT,1.0,645,49.26262283325195,0.430952380952381
GFTT,3.0,645,49.26262283325195,0.7642857142857142
GFTT,5.0,645,49.26262283325195,0.8738095238095238
learned,1.0,1437,49.26262283325195,0.39888682745825604
learned,3.0,1437,49.26262283325195,0.7996289424860853
learned,5.0,1437,49.26262283325195,0.8812615955473099
SIFT,1.0,324,24.99135971069336,0.6190476190476191
SIFT,3.0,324,24.99135971069336,0.6926406926406926
SIFT,5.0,324,24.99135971069336,0.8095238095238095
ORB,1.0,1875,24.99135971069336,0.4763779527559055
ORB,3.0,1875,24.99135971069336,0.6738845144356955
ORB,5.0,1875,24.99135971069336,0.7309711286089239
AKAZE,1.0,132,24.99135971069336,0.3865546218487395
AKAZE,3.0,132,24.99135971069336,0.453781512605042
AKAZE,5.0,132,24.99135971069336,0.5798319327731093
GFTT,1.0,499,24.99135971069336,0.3236151603498542
GFTT,3.0,499,24.99135971069336,0.5801749271137027
GFTT,5.0,499,24.99135971069336,0.641399416909621
learned,1.0,551,24.99135971069336,0.4058679706601467
learned,3.0,551,24.99135971069336,0.7579462102689487
learned,5.0,551,24.99135971069336,0.823960880195599
SIFT,1.0,778,41.88087844848633,0.22091503267973855
SIFT,3.0,778,41.88087844848633,0.6366013071895424
SIFT,5.0,778,41.88087844848633,0.8209150326797385
ORB,1.0,2000,41.88087844848633,0.36501516683518703
ORB,3.0,2000,41.88087844848633,0.8185035389282103
ORB,5.0,2000,41.88087844848633,0.9049544994944388
AKAZE,1.0,360,41.88087844848633,0.3107344632768362
AKAZE,3.0,360,41.88087844848633,0.7966101694915254
AKAZE,5.0,360,41.88087844848633,0.8898305084745762
GFTT,1.0,519,41.88087844848633,0.16326530612244897
GFTT,3.0,519,41.88087844848633,0.6428571428571429
GFTT,5.0,519,41.88087844848633,0.8795918367346939
learned,1.0,858,41.88087844848633,0.2002551020408163
learned,3.0,858,41.88087844848633,0.6938775510204082
learned,5.0,858,41.88087844848633,0.8099489795918368
SIFT,1.0,1332,53.74786376953125,0.5886581469648562
SIFT,3.0,1332,53.74786376953125,0.7148562300319489
SIFT,5.0,1332,53.74786376953125,0.8674121405750799
ORB,1.0,2000,53.74786376953125,0.45992666317443687
ORB,3.0,2000,53.74786376953125,0.7815610267155579
ORB,5.0,2000,53.74786376953125,0.85489785227868
AKAZE,1.0,663,53.74786376953125,0.5798722044728435
AKAZE,3.0,663,53.74786376953125,0.7907348242811502
AKAZE,5.0,663,53.74786376953125,0.8785942492012779
GFTT,1.0,956,53.74786376953125,0.4074074074074074
GFTT,3.0,956,53.74786376953125,0.6444444444444445
GFTT,5.0,956,53.74786376953125,0.7814814814814814
learned,1.0,1183,53.74786376953125,0.46920821114369504
learned,3.0,1183,53.74786376953125,0.8191593352883676
learned,5.0,1183,53.74786376953125,0.8866080156402737
SIFT,1.0,2000,65.64604949951172,0.5040752351097179
SIFT,3.0,2000,65.64604949951172,0.7184952978056426
SIFT,5.0,2000,65.64604949951172,0.8432601880877743
ORB,1.0,2000,65.64604949951172,0.5005854800936768
ORB,3.0,2000,65.64604949951172,0.84192037470726
ORB,5.0,2000,65.64604949951172,0.8911007025761124
AKAZE,1.0,1104,65.64604949951172,0.5175175175175175
AKAZE,3.0,1104,65.64604949951172,0.7987987987987988
AKAZE,5.0,1104,65.64604949951172,0.8388388388388388
GFTT,1.0,1291,65.64604949951172,0.395260663507109
GFTT,3.0,1291,65.64604949951172,0.7014218009478673
GFTT,5.0,1291,65.64604949951172,0.837914691943128
learned,1.0,1773,65.64604949951172,0.3906040268456376
learned,3.0,1773,65.64604949951172,0.8181208053691276
learned,5.0,1773,65.64604949951172,0.9
SIFT,1.0,938,41.56610107421875,0.567398119122257
SIFT,3.0,938,41.56610107421875,0.7068965517241379
SIFT,5.0,938,41.56610107421875,0.8510971786833855
ORB,1.0,2000,41.56610107421875,0.5098643649815043
ORB,3.0,2000,41.56610107421875,0.7595561035758323
ORB,5.0,2000,41.56610107421875,0.7946979038224414
AKAZE,1.0,518,41.56610107421875,0.5493975903614458
AKAZE,3.0,518,41.56610107421875,0.691566265060241
AKAZE,5.0,518,41.56610107421875,0.744578313253012
GFTT,1.0,767,41.56610107421875,0.39697542533081287
GFTT,3.0,767,41.56610107421875,0.6880907372400756
GFTT,5.0,767,41.56610107421875,0.8279773156899811
learned,1.0,1307,41.56610107421875,0.3424242424242424
learned,3.0,1307,41.56610107421875,0.7242424242424242
learned,5.0,1307,41.56610107421875,0.8373737373737373
SIFT,1.0,651,40.04180145263672,0.31717171717171716
SIFT,3.0,651,40.04180145263672,0.5898989898989899
SIFT,5.0,651,40.04180145263672,0.7232323232323232
ORB,1.0,2000,40.04180145263672,0.40560949298813376
ORB,3.0,2000,40.04180145263672,0.7680690399137001
ORB,5.0,2000,40.04180145263672,0.8522114347357066
AKAZE,1.0,253,40.04180145263672,0.5578512396694215
AKAZE,3.0,253,40.04180145263672,0.859504132231405
AKAZE,5.0,253,40.04180145263672,0.9090909090909091
GFTT,1.0,787,40.04180145263672,0.18619582664526485
GFTT,3.0,787,40.04180145263672,0.5040128410914928
GFTT,5.0,787,40.04180145263672,0.7207062600321027
learned,1.0,1152,40.04180145263672,0.20462046204620463
learned,3.0,1152,40.04180145263672,0.5588558855885588
learned,5.0,1152,40.04180145263672,0.7260726072607261
SIFT,1.0,476,31.45416831970215,0.5884353741496599
SIFT,3.0,476,31.45416831970215,0.7653061224489796
SIFT,5.0,476,31.45416831970215,0.8707482993197279
ORB,1.0,1993,31.45416831970215,0.5176079734219269
ORB,3.0,1993,31.45416831970215,0.8053156146179402
ORB,5.0,1993,31.45416831970215,0.8558139534883721
AKAZE,1.0,271,31.45416831970215,0.6255707762557078
AKAZE,3.0,271,31.45416831970215,0.730593607305936
AKAZE,5.0,271,31.45416831970215,0.771689497716895
GFTT,1.0,402,31.45416831970215,0.3670886075949367
GFTT,3.0,402,31.45416831970215,0.6624472573839663
GFTT,5.0,402,31.45416831970215,0.8185654008438819
learned,1.0,670,31.45416831970215,0.37986270022883295
learned,3.0,670,31.45416831970215,0.7597254004576659
learned,5.0,670,31.45416831970215,0.8329519450800915
SIFT,1.0,554,37.02839660644531,0.13704496788008566
SIFT,3.0,554,37.02839660644531,0.4603854389721627
SIFT,5.0,554,37.02839660644531,0.6445396145610278
ORB,1.0,2000,37.02839660644531,0.3214880621876735
ORB,3.0,2000,37.02839660644531,0.711271515824542
ORB,5.0,2000,37.02839660644531,0.8145474736257635
AKAZE,1.0,315,37.02839660644531,0.2677966101694915
AKAZE,3.0,315,37.02839660644531,0.7016949152542373
AKAZE,5.0,315,37.02839660644531,0.7728813559322034
GFTT,1.0,614,37.02839660644531,0.06584362139917696
GFTT,3.0,614,37.02839660644531,0.3230452674897119
GFTT,5.0,614,37.02839660644531,0.5288065843621399
learned,1.0,1498,37.02839660644531,0.08984047019311503
learned,3.0,1498,37.02839660644531,0.40218303946263645
learned,5.0,1498,37.02839660644531,0.6322418136020151
SIFT,1.0,355,27.538646697998047,0.2670807453416149
SIFT,3.0,355,27.538646697998047,0.6211180124223602
SIFT,5.0,355,27.538646697998047,0.7981366459627329
ORB,1.0,1988,27.538646697998047,0.37716991057338245
ORB,3.0,1988,27.538646697998047,0.7958968963703315
ORB,5.0,1988,27.538646697998047,0.882167280378748
AKAZE,1.0,143,27.538646697998047,0.4647887323943662
AKAZE,3.0,143,27.538646697998047,0.8098591549295775
AKAZE,5.0,143,27.538646697998047,0.8943661971830986
GFTT,1.0,380,27.538646697998047,0.19594594594594594
GFTT,3.0,380,27.538646697998047,0.47635135135135137
GFTT,5.0,380,27.538646697998047,0.722972972972973
learned,1.0,927,27.538646697998047,0.1635135135135135
learned,3.0,927,27.538646697998047,0.6283783783783784
learned,5.0,927,27.538646697998047,0.7824324324324324
SIFT,1.0,825,41.541778564453125,0.2635135135135135
SIFT,3.0,825,41.541778564453125,0.5621621621621622
SIFT,5.0,825,41.541778564453125,0.7067567567567568
ORB,1.0,2000,41.541778564453125,0.3521271143003588
ORB,3.0,2000,41.541778564453125,0.7437211686314711
ORB,5.0,2000,41.541778564453125,0.8472578165043567
AKAZE,1.0,294,41.541778564453125,0.362962962962963
AKAZE,3.0,294,41.541778564453125,0.7777777777777778
AKAZE,5.0,294,41.541778564453125,0.8629629629629629
GFTT,1.0,651,41.541778564453125,0.18010291595197256
GFTT,3.0,651,41.541778564453125,0.4716981132075472
GFTT,5.0,651,41.541778564453125,0.6157804459691252
learned,1.0,1673,41.541778564453125,0.2026936026936027
learned,3.0,1673,41.541778564453125,0.5750841750841751
learned,5.0,1673,41.541778564453125,0.7656565656565657
SIFT,1.0,862,42.648277282714844,0.07142857142857142
SIFT,3.0,862,42.648277282714844,0.4365079365079365
SIFT,5.0,862,42.648277282714844,0.638095238095238
ORB,1.0,2000,42.648277282714844,0.1811367895065584
ORB,3.0,2000,42.648277282714844,0.5865084322298564
ORB,5.0,2000,42.648277282714844,0.7214241099312929
AKAZE,1.0,314,42.648277282714844,0.07627118644067797
AKAZE,3.0,314,42.648277282714844,0.4533898305084746
AKAZE,5.0,314,42.648277282714844,0.576271186440678
GFTT,1.0,1091,42.648277282714844,0.049107142857142856
GFTT,3.0,1091,42.648277282714844,0.35825892857142855
GFTT,5.0,1091,42.648277282714844,0.7433035714285714
learned,1.0,1348,42.648277282714844,0.11210317460317461
learned,3.0,1348,42.648277282714844,0.45634920634920634
learned,5.0,1348,42.648277282714844,0.6944444444444444
SIFT,1.0,952,39.19483947753906,0.2779827798277983
SIFT,3.0,952,39.19483947753906,0.6100861008610086
SIFT,5.0,952,39.19483947753906,0.7503075030750308
ORB,1.0,2000,39.19483947753906,0.3352112676056338
ORB,3.0,2000,39.19483947753906,0.6597183098591549
ORB,5.0,2000,39.19483947753906,0.7543661971830986
AKAZE,1.0,60,39.19483947753906,0.2
AKAZE,3.0,60,39.19483947753906,0.43333333333333335
AKAZE,5.0,60,39.19483947753906,0.5
GFTT,1.0,1742,39.19483947753906,0.09706703910614525
GFTT,3.0,1742,39.19483947753906,0.37639664804469275
GFTT,5.0,1742,39.19483947753906,0.6417597765363129
learned,1.0,968,39.19483947753906,0.12634408602150538
learned,3.0,968,39.19483947753906,0.4717741935483871
learned,5.0,968,39.19483947753906,0.6922043010752689
SIFT,1.0,690,40.09457778930664,0.19157088122605365
SIFT,3.0,690,40.09457778930664,0.4482758620689655
SIFT,5.0,690,40.09457778930664,0.6398467432950191
ORB,1.0,2000,40.09457778930664,0.25445960125918154
ORB,3.0,2000,40.09457778930664,0.6206715634837355
ORB,5.0,2000,40.09457778930664,0.7733473242392445
AKAZE,1.0,96,40.09457778930664,0.2765957446808511
AKAZE,3.0,96,40.09457778930664,0.5638297872340425
AKAZE,5.0,96,40.09457778930664,0.6170212765957447
GFTT,1.0,1182,40.09457778930664,0.1480225988700565
GFTT,3.0,1182,40.09457778930664,0.48135593220338985
GFTT,5.0,1182,40.09457778930664,0.7265536723163842
learned,1.0,1094,40.09457778930664,0.15300546448087432
learned,3.0,1094,40.09457778930664,0.5289617486338798
learned,5.0,1094,40.09457778930664,0.7191256830601093
SIFT,1.0,486,38.51832962036133,0.21508379888268156
SIFT,3.0,486,38.51832962036133,0.6089385474860335
SIFT,5.0,486,38.51832962036133,0.6927374301675978
ORB,1.0,2000,38.51832962036133,0.31995277449822906
ORB,3.0,2000,38.51832962036133,0.7024793388429752
ORB,5.0,2000,38.51832962036133,0.7709563164108618
AKAZE,1.0,123,38.51832962036133,0.23008849557522124
AKAZE,3.0,123,38.51832962036133,0.6106194690265486
AKAZE,5.0,123,38.51832962036133,0.672566371681416
GFTT,1.0,1130,38.51832962036133,0.12440758293838862
GFTT,3.0,1130,38.51832962036133,0.49170616113744076
GFTT,5.0,1130,38.51832962036133,0.6587677725118484
learned,1.0,935,38.51832962036133,0.1530758226037196
learned,3.0,935,38.51832962036133,0.5336194563662375
learned,5.0,935,38.51832962036133,0.6909871244635193
SIFT,1.0,651,38.45479202270508,0.12380952380952381
SIFT,3.0,651,38.45479202270508,0.5161904761904762
SIFT,5.0,651,38.45479202270508,0.7485714285714286
ORB,1.0,2000,38.45479202270508,0.33498896247240617
ORB,3.0,2000,38.45479202270508,0.7775938189845475
ORB,5.0,2000,38.45479202270508,0.8576158940397351
AKAZE,1.0,240,38.45479202270508,0.22119815668202766
AKAZE,3.0,240,38.45479202270508,0.7188940092165899
AKAZE,5.0,240,38.45479202270508,0.847926267281106
GFTT,1.0,808,38.45479202270508,0.08099688473520249
GFTT,3.0,808,38.45479202270508,0.3987538940809969
GFTT,5.0,808,38.45479202270508,0.7102803738317757
learned,1.0,975,38.45479202270508,0.13186813186813187
learned,3.0,975,38.45479202270508,0.5
learned,5.0,975,38.45479202270508,0.6785714285714286
SIFT,1.0,827,40.571956634521484,0.1866096866096866
SIFT,3.0,827,40.571956634521484,0.5427350427350427
SIFT,5.0,827,40.571956634521484,0.7250712250712251
ORB,1.0,2000,40.571956634521484,0.24842105263157896
ORB,3.0,2000,40.571956634521484,0.6421052631578947
ORB,5.0,2000,40.571956634521484,0.7331578947368421
AKAZE,1.0,213,40.571956634521484,0.27884615384615385
AKAZE,3.0,213,40.571956634521484,0.7884615384615384
AKAZE,5.0,213,40.571956634521484,0.9182692307692307
GFTT,1.0,1120,40.571956634521484,0.10810810810810811
GFTT,3.0,1120,40.571956634521484,0.4312573443008226
GFTT,5.0,1120,40.571956634521484,0.7473560517038778
learned,1.0,1102,40.571956634521484,0.14541387024608501
learned,3.0,1102,40.571956634521484,0.5425055928411633
learned,5.0,1102,40.571956634521484,0.7337807606263982
SIFT,1.0,1235,49.97937774658203,0.4677276746242264
SIFT,3.0,1235,49.97937774658203,0.7232537577365163
SIFT,5.0,1235,49.97937774658203,0.8717948717948718
ORB,1.0,2000,49.97937774658203,0.5100603621730382
ORB,3.0,2000,49.97937774658203,0.8631790744466801
ORB,5.0,2000,49.97937774658203,0.9039235412474849
AKAZE,1.0,674,49.97937774658203,0.5424242424242425
AKAZE,3.0,674,49.97937774658203,0.8272727272727273
AKAZE,5.0,674,49.97937774658203,0.8727272727272727
GFTT,1.0,975,49.97937774658203,0.35244922341696533
GFTT,3.0,975,49.97937774658203,0.6666666666666666
GFTT,5.0,975,49.97937774658203,0.8387096774193549
learned,1.0,1263,49.97937774658203,0.37822878228782286
learned,3.0,1263,49.97937774658203,0.7638376383763837
learned,5.0,1263,49.97937774658203,0.8357933579335793
SIFT,1.0,513,34.97978973388672,0.3644067796610169
SIFT,3.0,513,34.97978973388672,0.7754237288135594
SIFT,5.0,513,34.97978973388672,0.8389830508474576
ORB,1.0,1987,34.97978973388672,0.2745387453874539
ORB,3.0,1987,34.97978973388672,0.5933579335793358
ORB,5.0,1987,34.97978973388672,0.6457564575645757
AKAZE,1.0,101,34.97978973388672,0.41025641025641024
AKAZE,3.0,101,34.97978973388672,0.7692307692307693
AKAZE,5.0,101,34.97978973388672,0.7948717948717948
GFTT,1.0,1279,34.97978973388672,0.14163090128755365
GFTT,3.0,1279,34.97978973388672,0.48283261802575106
GFTT,5.0,1279,34.97978973388672,0.7360515021459227
learned,1.0,729,34.97978973388672,0.19517102615694165
learned,3.0,729,34.97978973388672,0.6378269617706237
learned,5.0,729,34.97978973388672,0.7545271629778671
SIFT,1.0,434,36.3309211730957,0.21933962264150944
SIFT,3.0,434,36.3309211730957,0.5754716981132075
SIFT,5.0,434,36.3309211730957,0.7617924528301887
ORB,1.0,2000,36.3309211730957,0.15227388860500765
ORB,3.0,2000,36.3309211730957,0.4920797138477261
ORB,5.0,2000,36.3309211730957,0.6341338783852836
AKAZE,1.0,78,36.3309211730957,0.28205128205128205
AKAZE,3.0,78,36.3309211730957,0.7948717948717948
AKAZE,5.0,78,36.3309211730957,0.9102564102564102
GFTT,1.0,390,36.3309211730957,0.12188365650969529
GFTT,3.0,390,36.3309211730957,0.5069252077562327
GFTT,5.0,390,36.3309211730957,0.6897506925207756
learned,1.0,1423,36.3309211730957,0.1504890895410083
learned,3.0,1423,36.3309211730957,0.5861550037622273
learned,5.0,1423,36.3309211730957,0.7878103837471784
SIFT,1.0,796,44.599239349365234,0.41114058355437666
SIFT,3.0,796,44.599239349365234,0.6684350132625995
SIFT,5.0,796,44.599239349365234,0.7997347480106101
ORB,1.0,2000,44.599239349365234,0.5086032388663968
ORB,3.0,2000,44.599239349365234,0.8724696356275303
ORB,5.0,2000,44.599239349365234,0.9114372469635628
AKAZE,1.0,568,44.599239349365234,0.5533807829181495
AKAZE,3.0,568,44.599239349365234,0.8167259786476868
AKAZE,5.0,568,44.599239349365234,0.8718861209964412
GFTT,1.0,550,44.599239349365234,0.26899383983572894
GFTT,3.0,550,44.599239349365234,0.6057494866529775
GFTT,5.0,550,44.599239349365234,0.7227926078028748
learned,1.0,1717,44.599239349365234,0.3157894736842105
learned,3.0,1717,44.599239349365234,0.7235176548967355
learned,5.0,1717,44.599239349365234,0.8421052631578947
SIFT,1.0,849,43.548099517822266,0.22841965471447542
SIFT,3.0,849,43.548099517822266,0.5816733067729084
SIFT,5.0,849,43.548099517822266,0.7569721115537849
ORB,1.0,2000,43.548099517822266,0.36526639344262296
ORB,3.0,2000,43.548099517822266,0.7838114754098361
ORB,5.0,2000,43.548099517822266,0.8647540983606558
AKAZE,1.0,352,43.548099517822266,0.3673469387755102
AKAZE,3.0,352,43.548099517822266,0.8279883381924198
AKAZE,5.0,352,43.548099517822266,0.8950437317784257
GFTT,1.0,523,43.548099517822266,0.16173120728929385
GFTT,3.0,523,43.548099517822266,0.5466970387243736
GFTT,5.0,523,43.548099517822266,0.7380410022779044
learned,1.0,1620,43.548099517822266,0.20168067226890757
learned,3.0,1620,43.548099517822266,0.6233766233766234
learned,5.0,1620,43.548099517822266,0.786096256684492
SIFT,1.0,584,35.58625030517578,0.1984924623115578
SIFT,3.0,584,35.58625030517578,0.6055276381909548
SIFT,5.0,584,35.58625030517578,0.7663316582914573
ORB,1.0,1999,35.58625030517578,0.28454172366621067
ORB,3.0,1999,35.58625030517578,0.6922024623803009
ORB,5.0,1999,35.58625030517578,0.8119015047879617
AKAZE,1.0,359,35.58625030517578,0.18587360594795538
AKAZE,3.0,359,35.58625030517578,0.5353159851301115
AKAZE,5.0,359,35.58625030517578,0.6133828996282528
GFTT,1.0,468,35.58625030517578,0.1558073654390935
GFTT,3.0,468,35.58625030517578,0.56657223796034
GFTT,5.0,468,35.58625030517578,0.7932011331444759
learned,1.0,1301,35.58625030517578,0.15949119373776907
learned,3.0,1301,35.58625030517578,0.6320939334637965
learned,5.0,1301,35.58625030517578,0.7964774951076321
SIFT,1.0,287,26.162824630737305,0.543778801843318
SIFT,3.0,287,26.162824630737305,0.6820276497695853
SIFT,5.0,287,26.162824630737305,0.8064516129032258
ORB,1.0,1660,26.162824630737305,0.5088991430454846
ORB,3.0,1660,26.162824630737305,0.7963085036255768
ORB,5.0,1660,26.162824630737305,0.8529993408042189
AKAZE,1.0,67,26.162824630737305,0.6984126984126984
AKAZE,3.0,67,26.162824630737305,0.8095238095238095
AKAZE,5.0,67,26.162824630737305,0.8095238095238095
GFTT,1.0,448,26.162824630737305,0.41114982578397213
GFTT,3.0,448,26.162824630737305,0.7317073170731707
GFTT,5.0,448,26.162824630737305,0.89198606271777
learned,1.0,864,26.162824630737305,0.3425774877650897
learned,3.0,864,26.162824630737305,0.8075040783034257
learned,5.0,864,26.162824630737305,0.8874388254486134
SIFT,1.0,499,32.058799743652344,0.28
SIFT,3.0,499,32.058799743652344,0.631578947368421
SIFT,5.0,499,32.058799743652344,0.8084210526315789
ORB,1.0,1969,32.058799743652344,0.2920264093448451
ORB,3.0,1969,32.058799743652344,0.6419502285424074
ORB,5.0,1969,32.058799743652344,0.744540375825292
AKAZE,1.0,265,32.058799743652344,0.4
AKAZE,3.0,265,32.058799743652344,0.8113207547169812
AKAZE,5.0,265,32.058799743652344,0.8641509433962264
GFTT,1.0,367,32.058799743652344,0.26548672566371684
GFTT,3.0,367,32.058799743652344,0.6312684365781711
GFTT,5.0,367,32.058799743652344,0.8230088495575221
learned,1.0,1105,32.058799743652344,0.24591836734693878
learned,3.0,1105,32.058799743652344,0.7357142857142858
learned,5.0,1105,32.058799743652344,0.8214285714285714
SIFT,1.0,895,45.9063606262207,0.2817089452603471
SIFT,3.0,895,45.9063606262207,0.6889185580774366
SIFT,5.0,895,45.9063606262207,0.8437917222963952
ORB,1.0,2000,45.9063606262207,0.49206349206349204
ORB,3.0,2000,45.9063606262207,0.8481481481481481
ORB,5.0,2000,45.9063606262207,0.8947089947089947
AKAZE,1.0,696,45.9063606262207,0.39221556886227543
AKAZE,3.0,696,45.9063606262207,0.7709580838323353
AKAZE,5.0,696,45.9063606262207,0.8353293413173652
GFTT,1.0,537,45.9063606262207,0.21505376344086022
GFTT,3.0,537,45.9063606262207,0.6473118279569893
GFTT,5.0,537,45.9063606262207,0.7978494623655914
learned,1.0,1549,45.9063606262207,0.2143939393939394
learned,3.0,1549,45.9063606262207,0.6863636363636364
learned,5.0,1549,45.9063606262207,0.8151515151515152
SIFT,1.0,1001,50.637088775634766,0.5199579831932774
SIFT,3.0,1001,50.637088775634766,0.7289915966386554
SIFT,5.0,1001,50.637088775634766,0.8434873949579832
ORB,1.0,2000,50.637088775634766,0.4055
ORB,3.0,2000,50.637088775634766,0.685
ORB,5.0,2000,50.637088775634766,0.7865
AKAZE,1.0,310,50.637088775634766,0.7216828478964401
AKAZE,3.0,310,50.637088775634766,0.8964401294498382
AKAZE,5.0,310,50.637088775634766,0.9288025889967637
GFTT,1.0,928,50.637088775634766,0.2957575757575758
GFTT,3.0,928,50.637088775634766,0.56
GFTT,5.0,928,50.637088775634766,0.7066666666666667
learned,1.0,1732,50.637088775634766,0.4429619746497665
learned,3.0,1732,50.637088775634766,0.7771847898599066
learned,5.0,1732,50.637088775634766,0.8692461641094062
SIFT,1.0,1829,76.11841583251953,0.532941943900848
SIFT,3.0,1829,76.11841583251953,0.746249184605349
SIFT,5.0,1829,76.11841583251953,0.8864970645792564
ORB,1.0,2000,76.11841583251953,0.43311122501281396
ORB,3.0,2000,76.11841583251953,0.8103536647872885
ORB,5.0,2000,76.11841583251953,0.8744233726294208
AKAZE,1.0,869,76.11841583251953,0.5030229746070133
AKAZE,3.0,869,76.11841583251953,0.7968561064087062
AKAZE,5.0,869,76.11841583251953,0.8428053204353083
GFTT,1.0,1099,76.11841583251953,0.3869179600886918
GFTT,3.0,1099,76.11841583251953,0.7317073170731707
GFTT,5.0,1099,76.11841583251953,0.8536585365853658
learned,1.0,2048,76.11841583251953,0.44107142857142856
learned,3.0,2048,76.11841583251953,0.8553571428571428
learned,5.0,2048,76.11841583251953,0.9285714285714286
SIFT,1.0,1654,78.05340576171875,0.47063310450038137
SIFT,3.0,1654,78.05340576171875,0.6880244088482075
SIFT,5.0,1654,78.05340576171875,0.8398169336384439
ORB,1.0,2000,78.05340576171875,0.4799131378935939
ORB,3.0,2000,78.05340576171875,0.8029315960912052
ORB,5.0,2000,78.05340576171875,0.8751357220412594
AKAZE,1.0,893,78.05340576171875,0.5247285886610374
AKAZE,3.0,893,78.05340576171875,0.7623642943305187
AKAZE,5.0,893,78.05340576171875,0.8371531966224367
GFTT,1.0,1071,78.05340576171875,0.39298669891172916
GFTT,3.0,1071,78.05340576171875,0.717049576783555
GFTT,5.0,1071,78.05340576171875,0.8766626360338573
learned,1.0,2048,78.05340576171875,0.5814676616915423
learned,3.0,2048,78.05340576171875,0.847636815920398
learned,5.0,2048,78.05340576171875,0.914179104477612
SIFT,1.0,1645,68.19759368896484,0.35253456221198154
SIFT,3.0,1645,68.19759368896484,0.6566820276497696
SIFT,5.0,1645,68.19759368896484,0.8141321044546851
ORB,1.0,2000,68.19759368896484,0.30145278450363194
ORB,3.0,2000,68.19759368896484,0.6192493946731235
ORB,5.0,2000,68.19759368896484,0.6828087167070218
AKAZE,1.0,784,68.19759368896484,0.2796352583586626
AKAZE,3.0,784,68.19759368896484,0.601823708206687
AKAZE,5.0,784,68.19759368896484,0.6945288753799392
GFTT,1.0,881,68.19759368896484,0.23134328358208955
GFTT,3.0,881,68.19759368896484,0.6
GFTT,5.0,881,68.19759368896484,0.7985074626865671
learned,1.0,2047,68.19759368896484,0.3327217125382263
learned,3.0,2047,68.19759368896484,0.7883792048929663
learned,5.0,2047,68.19759368896484,0.9009174311926605
SIFT,1.0,1324,55.787757873535156,0.2320675105485232
SIFT,3.0,1324,55.787757873535156,0.5896624472573839
SIFT,5.0,1324,55.787757873535156,0.8080168776371308
ORB,1.0,2000,55.787757873535156,0.36282127913927076
ORB,3.0,2000,55.787757873535156,0.7567244471010162
ORB,5.0,2000,55.787757873535156,0.8637178720860729
AKAZE,1.0,675,55.787757873535156,0.241852487135506
AKAZE,3.0,675,55.787757873535156,0.5711835334476844
AKAZE,5.0,675,55.787757873535156,0.7598627787307033
GFTT,1.0,868,55.787757873535156,0.12310030395136778
GFTT,3.0,868,55.787757873535156,0.5243161094224924
GFTT,5.0,868,55.787757873535156,0.7781155015197568
learned,1.0,1688,55.787757873535156,0.16940789473684212
learned,3.0,1688,55.787757873535156,0.5797697368421053
learned,5.0,1688,55.787757873535156,0.7853618421052632
SIFT,1.0,538,36.245750427246094,0.324455205811138
SIFT,3.0,538,36.245750427246094,0.5811138014527845
SIFT,5.0,538,36.245750427246094,0.711864406779661
ORB,1.0,2000,36.245750427246094,0.31302403577417554
ORB,3.0,2000,36.245750427246094,0.6299608719955282
ORB,5.0,2000,36.245750427246094,0.7389603130240358
AKAZE,1.0,122,36.245750427246094,0.2222222222222222
AKAZE,3.0,122,36.245750427246094,0.4351851851851852
AKAZE,5.0,122,36.245750427246094,0.4351851851851852
GFTT,1.0,927,36.245750427246094,0.14032697547683923
GFTT,3.0,927,36.245750427246094,0.3978201634877384
GFTT,5.0,927,36.245750427246094,0.6348773841961853
learned,1.0,1012,36.245750427246094,0.13373493975903614
learned,3.0,1012,36.245750427246094,0.39397590361445783
learned,5.0,1012,36.245750427246094,0.5710843373493976
SIFT,1.0,548,49.41950225830078,0.18201284796573874
SIFT,3.0,548,49.41950225830078,0.4925053533190578
SIFT,5.0,548,49.41950225830078,0.6423982869379015
ORB,1.0,2000,49.41950225830078,0.24456233421750664
ORB,3.0,2000,49.41950225830078,0.556498673740053
ORB,5.0,2000,49.41950225830078,0.646684350132626
AKAZE,1.0,274,49.41950225830078,0.1856060606060606
AKAZE,3.0,274,49.41950225830078,0.5492424242424242
AKAZE,5.0,274,49.41950225830078,0.7007575757575758
GFTT,1.0,400,49.41950225830078,0.17717717717717718
GFTT,3.0,400,49.41950225830078,0.5075075075075075
GFTT,5.0,400,49.41950225830078,0.7027027027027027
learned,1.0,1197,49.41950225830078,0.19823356231599606
learned,3.0,1197,49.41950225830078,0.619234543670265
learned,5.0,1197,49.41950225830078,0.7801766437684003
SIFT,1.0,834,51.42805480957031,0.3274760383386581
SIFT,3.0,834,51.42805480957031,0.6134185303514377
SIFT,5.0,834,51.42805480957031,0.7348242811501597
ORB,1.0,2000,51.42805480957031,0.4374649467190129
ORB,3.0,2000,51.42805480957031,0.776219854178351
ORB,5.0,2000,51.42805480957031,0.8345485137408861
AKAZE,1.0,415,51.42805480957031,0.38055555555555554
AKAZE,3.0,415,51.42805480957031,0.6777777777777778
AKAZE,5.0,415,51.42805480957031,0.7361111111111112
GFTT,1.0,481,51.42805480957031,0.1693548387096774
GFTT,3.0,481,51.42805480957031,0.5161290322580645
GFTT,5.0,481,51.42805480957031,0.6639784946236559
learned,1.0,1270,51.42805480957031,0.23967774420946628
learned,3.0,1270,51.42805480957031,0.6404833836858006
learned,5.0,1270,51.42805480957031,0.7794561933534743
SIFT,1.0,780,44.595252990722656,0.23599320882852293
SIFT,3.0,780,44.595252990722656,0.5942275042444821
SIFT,5.0,780,44.595252990722656,0.7775891341256367
ORB,1.0,2000,44.595252990722656,0.32835024025627335
ORB,3.0,2000,44.595252990722656,0.7090229578216765
ORB,5.0,2000,44.595252990722656,0.8323545114789108
AKAZE,1.0,268,44.595252990722656,0.33043478260869563
AKAZE,3.0,268,44.595252990722656,0.7347826086956522
AKAZE,5.0,268,44.595252990722656,0.8608695652173913
GFTT,1.0,501,44.595252990722656,0.19430051813471502
GFTT,3.0,501,44.595252990722656,0.47668393782383417
GFTT,5.0,501,44.595252990722656,0.689119170984456
learned,1.0,1401,44.595252990722656,0.16796536796536796
learned,3.0,1401,44.595252990722656,0.5887445887445888
learned,5.0,1401,44.595252990722656,0.7688311688311689
SIFT,1.0,554,36.89484405517578,0.42475728155339804
SIFT,3.0,554,36.89484405517578,0.6504854368932039
SIFT,5.0,554,36.89484405517578,0.779126213592233
ORB,1.0,2000,36.89484405517578,0.4233490566037736
ORB,3.0,2000,36.89484405517578,0.7246462264150944
ORB,5.0,2000,36.89484405517578,0.7865566037735849
AKAZE,1.0,293,36.89484405517578,0.392
AKAZE,3.0,293,36.89484405517578,0.648
AKAZE,5.0,293,36.89484405517578,0.7
GFTT,1.0,460,36.89484405517578,0.2547945205479452
GFTT,3.0,460,36.89484405517578,0.5863013698630137
GFTT,5.0,460,36.89484405517578,0.7041095890410959
learned,1.0,1252,36.89484405517578,0.24727992087042533
learned,3.0,1252,36.89484405517578,0.6369930761622157
learned,5.0,1252,36.89484405517578,0.7843719090009891
SIFT,1.0,600,35.09421157836914,0.3410041841004184
SIFT,3.0,600,35.09421157836914,0.6171548117154811
SIFT,5.0,600,35.09421157836914,0.7552301255230126
ORB,1.0,2000,35.09421157836914,0.4915635545556805
ORB,3.0,2000,35.09421157836914,0.8526434195725534
ORB,5.0,2000,35.09421157836914,0.8993250843644545
AKAZE,1.0,360,35.09421157836914,0.4983922829581994
AKAZE,3.0,360,35.09421157836914,0.7395498392282959
AKAZE,5.0,360,35.09421157836914,0.8263665594855305
GFTT,1.0,355,35.09421157836914,0.2777777777777778
GFTT,3.0,355,35.09421157836914,0.6074074074074074
GFTT,5.0,355,35.09421157836914,0.7814814814814814
learned,1.0,1618,35.09421157836914,0.2003381234150465
learned,3.0,1618,35.09421157836914,0.536770921386306
learned,5.0,1618,35.09421157836914,0.687235841081995
SIFT,1.0,350,29.652742385864258,0.3105590062111801
SIFT,3.0,350,29.652742385864258,0.6459627329192547
SIFT,5.0,350,29.652742385864258,0.8322981366459627
ORB,1.0,1965,29.652742385864258,0.14867724867724869
ORB,3.0,1965,29.652742385864258,0.3962962962962963
ORB,5.0,1965,29.652742385864258,0.5650793650793651
AKAZE,1.0,45,29.652742385864258,0.35555555555555557
AKAZE,3.0,45,29.652742385864258,0.6
AKAZE,5.0,45,29.652742385864258,0.8666666666666667
GFTT,1.0,840,29.652742385864258,0.11773472429210134
GFTT,3.0,840,29.652742385864258,0.44113263785394935
GFTT,5.0,840,29.652742385864258,0.6751117734724292
learned,1.0,1291,29.652742385864258,0.1029263370332997
learned,3.0,1291,29.652742385864258,0.40968718466195764
learned,5.0,1291,29.652742385864258,0.591321897073663
SIFT,1.0,1741,49.478424072265625,0.2828638497652582
SIFT,3.0,1741,49.478424072265625,0.7623239436619719
SIFT,5.0,1741,49.478424072265625,0.892018779342723
ORB,1.0,2000,49.478424072265625,0.451
ORB,3.0,2000,49.478424072265625,0.8825
ORB,5.0,2000,49.478424072265625,0.93
AKAZE,1.0,646,49.478424072265625,0.4117647058823529
AKAZE,3.0,646,49.478424072265625,0.8839009287925697
AKAZE,5.0,646,49.478424072265625,0.9226006191950464
GFTT,1.0,1520,49.478424072265625,0.164897381457891
GFTT,3.0,1520,49.478424072265625,0.5746638358103326
GFTT,5.0,1520,49.478424072265625,0.7643312101910829
learned,1.0,1375,49.478424072265625,0.18649789029535865
learned,3.0,1375,49.478424072265625,0.6253164556962025
learned,5.0,1375,49.478424072265625,0.7628691983122363
SIFT,1.0,2001,58.5799674987793,0.3367970660146699
SIFT,3.0,2001,58.5799674987793,0.7732273838630807
SIFT,5.0,2001,58.5799674987793,0.9070904645476773
ORB,1.0,2000,58.5799674987793,0.46153846153846156
ORB,3.0,2000,58.5799674987793,0.8424908424908425
ORB,5.0,2000,58.5799674987793,0.8791208791208791
AKAZE,1.0,683,58.5799674987793,0.3832807570977918
AKAZE,3.0,683,58.5799674987793,0.7933753943217665
AKAZE,5.0,683,58.5799674987793,0.8375394321766562
GFTT,1.0,2000,58.5799674987793,0.16834170854271358
GFTT,3.0,2000,58.5799674987793,0.5596733668341709
GFTT,5.0,2000,58.5799674987793,0.8096733668341709
learned,1.0,1364,58.5799674987793,0.22350845948352627
learned,3.0,1364,58.5799674987793,0.6482635796972396
learned,5.0,1364,58.5799674987793,0.8023152270703473
SIFT,1.0,1959,52.92460250854492,0.3734793187347932
SIFT,3.0,1959,52.92460250854492,0.7408759124087592
SIFT,5.0,1959,52.92460250854492,0.8576642335766423
ORB,1.0,2000,52.92460250854492,0.4678800856531049
ORB,3.0,2000,52.92460250854492,0.8565310492505354
ORB,5.0,2000,52.92460250854492,0.8998929336188437
AKAZE,1.0,690,52.92460250854492,0.4761171032357473
AKAZE,3.0,690,52.92460250854492,0.8335901386748844
AKAZE,5.0,690,52.92460250854492,0.8628659476117103
GFTT,1.0,1638,52.92460250854492,0.2154981549815498
GFTT,3.0,1638,52.92460250854492,0.5608856088560885
GFTT,5.0,1638,52.92460250854492,0.7284132841328413
learned,1.0,1617,52.92460250854492,0.26372832369942195
learned,3.0,1617,52.92460250854492,0.7015895953757225
learned,5.0,1617,52.92460250854492,0.8164739884393064
SIFT,1.0,1212,43.43610382080078,0.3704789833822092
SIFT,3.0,1212,43.43610382080078,0.7086999022482894
SIFT,5.0,1212,43.43610382080078,0.8406647116324536
ORB,1.0,2000,43.43610382080078,0.4803871625063678
ORB,3.0,2000,43.43610382080078,0.8323993886907795
ORB,5.0,2000,43.43610382080078,0.8787570045848192
AKAZE,1.0,451,43.43610382080078,0.4436936936936937
AKAZE,3.0,451,43.43610382080078,0.8085585585585585
AKAZE,5.0,451,43.43610382080078,0.8445945945945946
GFTT,1.0,813,43.43610382080078,0.2396576319543509
GFTT,3.0,813,43.43610382080078,0.6105563480741797
GFTT,5.0,813,43.43610382080078,0.7717546362339515
learned,1.0,1661,43.43610382080078,0.25153374233128833
learned,3.0,1661,43.43610382080078,0.6591683708248125
learned,5.0,1661,43.43610382080078,0.8029993183367417
SIFT,1.0,572,34.54994583129883,0.4745762711864407
SIFT,3.0,572,34.54994583129883,0.6440677966101694
SIFT,5.0,572,34.54994583129883,0.7648305084745762
ORB,1.0,2000,34.54994583129883,0.4932920536635707
ORB,3.0,2000,34.54994583129883,0.781733746130031
ORB,5.0,2000,34.54994583129883,0.8426212590299278
AKAZE,1.0,199,34.54994583129883,0.6153846153846154
AKAZE,3.0,199,34.54994583129883,0.7948717948717948
AKAZE,5.0,199,34.54994583129883,0.841025641025641
GFTT,1.0,502,34.54994583129883,0.26666666666666666
GFTT,3.0,502,34.54994583129883,0.4880952380952381
GFTT,5.0,502,34.54994583129883,0.638095238095238
learned,1.0,1263,34.54994583129883,0.2119205298013245
learned,3.0,1263,34.54994583129883,0.49195837275307475
learned,5.0,1263,34.54994583129883,0.6291390728476821
SIFT,1.0,359,21.90047836303711,0.41515151515151516
SIFT,3.0,359,21.90047836303711,0.7090909090909091
SIFT,5.0,359,21.90047836303711,0.8696969696969697
ORB,1.0,1721,21.90047836303711,0.34962406015037595
ORB,3.0,1721,21.90047836303711,0.7556390977443609
ORB,5.0,1721,21.90047836303711,0.8721804511278195
AKAZE,1.0,166,21.90047836303711,0.2883435582822086
AKAZE,3.0,166,21.90047836303711,0.6012269938650306
AKAZE,5.0,166,21.90047836303711,0.7423312883435583
GFTT,1.0,178,21.90047836303711,0.21518987341772153
GFTT,3.0,178,21.90047836303711,0.5126582278481012
GFTT,5.0,178,21.90047836303711,0.7151898734177216
learned,1.0,672,21.90047836303711,0.17553191489361702
learned,3.0,672,21.90047836303711,0.5407801418439716
learned,5.0,672,21.90047836303711,0.7074468085106383
SIFT,1.0,501,41.10694122314453,0.14193548387096774
SIFT,3.0,501,41.10694122314453,0.5516129032258065
SIFT,5.0,501,41.10694122314453,0.6870967741935484
ORB,1.0,2000,41.10694122314453,0.19501466275659823
ORB,3.0,2000,41.10694122314453,0.6708211143695014
ORB,5.0,2000,41.10694122314453,0.7331378299120235
AKAZE,1.0,157,41.10694122314453,0.17105263157894737
AKAZE,3.0,157,41.10694122314453,0.5263157894736842
AKAZE,5.0,157,41.10694122314453,0.6447368421052632
GFTT,1.0,1008,41.10694122314453,0.06818181818181818
GFTT,3.0,1008,41.10694122314453,0.5298295454545454
GFTT,5.0,1008,41.10694122314453,0.7840909090909091
learned,1.0,1268,41.10694122314453,0.10109622411693057
learned,3.0,1268,41.10694122314453,0.610231425091352
learned,5.0,1268,41.10694122314453,0.781973203410475
SIFT,1.0,1088,48.50271224975586,0.15196078431372548
SIFT,3.0,1088,48.50271224975586,0.49019607843137253
SIFT,5.0,1088,48.50271224975586,0.6862745098039216
ORB,1.0,2000,48.50271224975586,0.24109263657957244
ORB,3.0,2000,48.50271224975586,0.577790973871734
ORB,5.0,2000,48.50271224975586,0.6823040380047506
AKAZE,1.0,516,48.50271224975586,0.16985645933014354
AKAZE,3.0,516,48.50271224975586,0.49521531100478466
AKAZE,5.0,516,48.50271224975586,0.6100478468899522
GFTT,1.0,686,48.50271224975586,0.12783505154639174
GFTT,3.0,686,48.50271224975586,0.37938144329896906
GFTT,5.0,686,48.50271224975586,0.6804123711340206
learned,1.0,1762,48.50271224975586,0.12568306010928962
learned,3.0,1762,48.50271224975586,0.4519906323185012
learned,5.0,1762,48.50271224975586,0.6643247462919594
SIFT,1.0,1046,47.712486267089844,0.1204644412191582
SIFT,3.0,1046,47.712486267089844,0.45573294629898403
SIFT,5.0,1046,47.712486267089844,0.6545718432510885
ORB,1.0,2000,47.712486267089844,0.1855111712931618
ORB,3.0,2000,47.712486267089844,0.5138794854434665
ORB,5.0,2000,47.712486267089844,0.6587677725118484
AKAZE,1.0,392,47.712486267089844,0.16611295681063123
AKAZE,3.0,392,47.712486267089844,0.4584717607973422
AKAZE,5.0,392,47.712486267089844,0.6378737541528239
GFTT,1.0,782,47.712486267089844,0.0600375234521576
GFTT,3.0,782,47.712486267089844,0.3339587242026266
GFTT,5.0,782,47.712486267089844,0.626641651031895
learned,1.0,1428,47.712486267089844,0.10510805500982318
learned,3.0,1428,47.712486267089844,0.40078585461689586
learned,5.0,1428,47.712486267089844,0.6090373280943026
SIFT,1.0,1118,49.93753433227539,0.15746971736204576
SIFT,3.0,1118,49.93753433227539,0.3755047106325707
SIFT,5.0,1118,49.93753433227539,0.6029609690444145
ORB,1.0,2000,49.93753433227539,0.33643617021276595
ORB,3.0,2000,49.93753433227539,0.6875
ORB,5.0,2000,49.93753433227539,0.8045212765957447
AKAZE,1.0,484,49.93753433227539,0.19946808510638298
AKAZE,3.0,484,49.93753433227539,0.4601063829787234
AKAZE,5.0,484,49.93753433227539,0.6143617021276596
GFTT,1.0,874,49.93753433227539,0.07913669064748201
GFTT,3.0,874,49.93753433227539,0.3273381294964029
GFTT,5.0,874,49.93753433227539,0.6402877697841727
learned,1.0,1248,49.93753433227539,0.08422301304863583
learned,3.0,1248,49.93753433227539,0.36892052194543296
learned,5.0,1248,49.93753433227539,0.5599051008303677
SIFT,1.0,1203,49.277313232421875,0.11613691931540342
SIFT,3.0,1203,49.277313232421875,0.3740831295843521
SIFT,5.0,1203,49.277313232421875,0.5794621026894865
ORB,1.0,2000,49.277313232421875,0.23559870550161813
ORB,3.0,2000,49.277313232421875,0.5605177993527508
ORB,5.0,2000,49.277313232421875,0.6750809061488673
AKAZE,1.0,352,49.277313232421875,0.12937062937062938
AKAZE,3.0,352,49.277313232421875,0.4160839160839161
AKAZE,5.0,352,49.277313232421875,0.5454545454545454
GFTT,1.0,1283,49.277313232421875,0.0462085308056872
GFTT,3.0,1283,49.277313232421875,0.22748815165876776
GFTT,5.0,1283,49.277313232421875,0.4940758293838863
learned,1.0,1282,49.277313232421875,0.09137577002053388
learned,3.0,1282,49.277313232421875,0.37782340862423
learned,5.0,1282,49.277313232421875,0.5831622176591376
SIFT,1.0,1051,43.24816131591797,0.15795868772782504
SIFT,3.0,1051,43.24816131591797,0.4580801944106926
SIFT,5.0,1051,43.24816131591797,0.6573511543134872
ORB,1.0,2000,43.24816131591797,0.21945570353213664
ORB,3.0,2000,43.24816131591797,0.6207295888824551
ORB,5.0,2000,43.24816131591797,0.7631731325998842
AKAZE,1.0,101,43.24816131591797,0.14634146341463414
AKAZE,3.0,101,43.24816131591797,0.35365853658536583
AKAZE,5.0,101,43.24816131591797,0.4634146341463415
GFTT,1.0,2000,43.24816131591797,0.08838383838383838
GFTT,3.0,2000,43.24816131591797,0.37436868686868685
GFTT,5.0,2000,43.24816131591797,0.7373737373737373
learned,1.0,1038,43.24816131591797,0.08726415094339622
learned,3.0,1038,43.24816131591797,0.294811320754717
learned,5.0,1038,43.24816131591797,0.49056603773584906
SIFT,1.0,1198,45.75089645385742,0.12413793103448276
SIFT,3.0,1198,45.75089645385742,0.3704433497536946
SIFT,5.0,1198,45.75089645385742,0.5566502463054187
ORB,1.0,2000,45.75089645385742,0.1351642434033387
ORB,3.0,2000,45.75089645385742,0.3780290791599354
ORB,5.0,2000,45.75089645385742,0.49596122778675283
AKAZE,1.0,146,45.75089645385742,0.18571428571428572
AKAZE,3.0,146,45.75089645385742,0.42857142857142855
AKAZE,5.0,146,45.75089645385742,0.4928571428571429
GFTT,1.0,1781,45.75089645385742,0.060124395300621976
GFTT,3.0,1781,45.75089645385742,0.2985487214927436
GFTT,5.0,1781,45.75089645385742,0.5936420179682101
learned,1.0,1229,45.75089645385742,0.08646998982706001
learned,3.0,1229,45.75089645385742,0.3377416073245168
learned,5.0,1229,45.75089645385742,0.525940996948118
SIFT,1.0,1884,60.05086898803711,0.11842105263157894
SIFT,3.0,1884,60.05086898803711,0.4073226544622426
SIFT,5.0,1884,60.05086898803711,0.6413043478260869
ORB,1.0,2000,60.05086898803711,0.3134479271991911
ORB,3.0,2000,60.05086898803711,0.6557128412537917
ORB,5.0,2000,60.05086898803711,0.7709807886754297
AKAZE,1.0,535,60.05086898803711,0.2870722433460076
AKAZE,3.0,535,60.05086898803711,0.5380228136882129
AKAZE,5.0,535,60.05086898803711,0.6520912547528517
GFTT,1.0,1585,60.05086898803711,0.07250538406317301
GFTT,3.0,1585,60.05086898803711,0.3137114142139268
GFTT,5.0,1585,60.05086898803711,0.6453697056712132
learned,1.0,1583,60.05086898803711,0.1145311381531854
learned,3.0,1583,60.05086898803711,0.4180386542591267
learned,5.0,1583,60.05086898803711,0.6070150322118826
SIFT,1.0,2000,83.34324645996094,0.2903770399549803
SIFT,3.0,2000,83.34324645996094,0.5402363534046145
SIFT,5.0,2000,83.34324645996094,0.6938660664040518
ORB,1.0,2000,83.34324645996094,0.3900672529746508
ORB,3.0,2000,83.34324645996094,0.7418520434557683
ORB,5.0,2000,83.34324645996094,0.851008794619762
AKAZE,1.0,1101,83.34324645996094,0.3992133726647001
AKAZE,3.0,1101,83.34324645996094,0.6666666666666666
AKAZE,5.0,1101,83.34324645996094,0.7472959685349065
GFTT,1.0,1936,83.34324645996094,0.14008755472170106
GFTT,3.0,1936,83.34324645996094,0.4083802376485303
GFTT,5.0,1936,83.34324645996094,0.6823014383989994
learned,1.0,1963,83.34324645996094,0.23286840509399637
learned,3.0,1963,83.34324645996094,0.5736810187992722
learned,5.0,1963,83.34324645996094,0.7028502122498483
SIFT,1.0,2000,117.31855010986328,0.49728555917481
SIFT,3.0,2000,117.31855010986328,0.7345276872964169
SIFT,5.0,2000,117.31855010986328,0.8691639522258415
ORB,1.0,2000,117.31855010986328,0.46257098606091895
ORB,3.0,2000,117.31855010986328,0.8105317501290655
ORB,5.0,2000,117.31855010986328,0.8786783686112545
AKAZE,1.0,2334,117.31855010986328,0.5429583702391497
AKAZE,3.0,2334,117.31855010986328,0.8418954827280779
AKAZE,5.0,2334,117.31855010986328,0.8919397697077059
GFTT,1.0,2000,117.31855010986328,0.2822260079500284
GFTT,3.0,2000,117.31855010986328,0.616695059625213
GFTT,5.0,2000,117.31855010986328,0.8131743327654741
learned,1.0,2048,117.31855010986328,0.38909875876956285
learned,3.0,2048,117.31855010986328,0.8084187803561792
learned,5.0,2048,117.31855010986328,0.882892606583918
SIFT,1.0,2000,121.49761962890625,0.45047732696897375
SIFT,3.0,2000,121.49761962890625,0.7476133651551312
SIFT,5.0,2000,121.49761962890625,0.8627684964200477
ORB,1.0,2000,121.49761962890625,0.439697133585722
ORB,3.0,2000,121.49761962890625,0.7555435370470525
ORB,5.0,2000,121.49761962890625,0.8215251487290427
AKAZE,1.0,2261,121.49761962890625,0.47310278578290105
AKAZE,3.0,2261,121.49761962890625,0.8203650336215178
AKAZE,5.0,2261,121.49761962890625,0.8693563880883766
GFTT,1.0,1923,121.49761962890625,0.27975460122699386
GFTT,3.0,1923,121.49761962890625,0.6705521472392638
GFTT,5.0,1923,121.49761962890625,0.8601226993865031
learned,1.0,2048,121.49761962890625,0.39863325740318906
learned,3.0,2048,121.49761962890625,0.8451025056947609
learned,5.0,2048,121.49761962890625,0.914009111617312
SIFT,1.0,2000,118.62812042236328,0.4302957151478576
SIFT,3.0,2000,118.62812042236328,0.7127338563669282
SIFT,5.0,2000,118.62812042236328,0.8479179239589619
ORB,1.0,2000,118.62812042236328,0.4525469168900804
ORB,3.0,2000,118.62812042236328,0.7919571045576408
ORB,5.0,2000,118.62812042236328,0.8466487935656837
AKAZE,1.0,2172,118.62812042236328,0.4799398194583751
AKAZE,3.0,2172,118.62812042236328,0.8004012036108324
AKAZE,5.0,2172,118.62812042236328,0.8535606820461384
GFTT,1.0,1755,118.62812042236328,0.2948453608247423
GFTT,3.0,1755,118.62812042236328,0.6618556701030928
GFTT,5.0,1755,118.62812042236328,0.8329896907216495
learned,1.0,2046,118.62812042236328,0.3902728351126928
learned,3.0,2046,118.62812042236328,0.8190984578884934
learned,5.0,2046,118.62812042236328,0.9080664294187426
SIFT,1.0,2000,111.66673278808594,0.47593896713615025
SIFT,3.0,2000,111.66673278808594,0.7353286384976526
SIFT,5.0,2000,111.66673278808594,0.8562206572769953
ORB,1.0,2000,111.66673278808594,0.4676145339652449
ORB,3.0,2000,111.66673278808594,0.740916271721959
ORB,5.0,2000,111.66673278808594,0.794102159031069
AKAZE,1.0,2189,111.66673278808594,0.4948805460750853
AKAZE,3.0,2189,111.66673278808594,0.7737688932228182
AKAZE,5.0,2189,111.66673278808594,0.825450999512433
GFTT,1.0,1717,111.66673278808594,0.33962264150943394
GFTT,3.0,1717,111.66673278808594,0.6890286512928022
GFTT,5.0,1717,111.66673278808594,0.8378756114605171
learned,1.0,2048,111.66673278808594,0.4410226612434631
learned,3.0,2048,111.66673278808594,0.8471818710052296
learned,5.0,2048,111.66673278808594,0.9087739686228936
SIFT,1.0,2000,98.30122375488281,0.3975118483412322
SIFT,3.0,2000,98.30122375488281,0.7351895734597157
SIFT,5.0,2000,98.30122375488281,0.8868483412322274
ORB,1.0,2000,98.30122375488281,0.3995848469122989
ORB,3.0,2000,98.30122375488281,0.8028022833419823
ORB,5.0,2000,98.30122375488281,0.8806434872859367
AKAZE,1.0,1498,98.30122375488281,0.36265320836337417
AKAZE,3.0,1498,98.30122375488281,0.7166546503244412
AKAZE,5.0,1498,98.30122375488281,0.8255227108868061
GFTT,1.0,1402,98.30122375488281,0.29081177520071366
GFTT,3.0,1402,98.30122375488281,0.6761819803746655
GFTT,5.0,1402,98.30122375488281,0.864406779661017
learned,1.0,2048,98.30122375488281,0.357185450208706
learned,3.0,2048,98.30122375488281,0.8050089445438283
learned,5.0,2048,98.30122375488281,0.9123434704830053
SIFT,1.0,2001,97.39147186279297,0.47146401985111663
SIFT,3.0,2001,97.39147186279297,0.749379652605459
SIFT,5.0,2001,97.39147186279297,0.8846153846153846
ORB,1.0,2000,97.39147186279297,0.5179347826086956
ORB,3.0,2000,97.39147186279297,0.8543478260869565
ORB,5.0,2000,97.39147186279297,0.8853260869565217
AKAZE,1.0,1478,97.39147186279297,0.48
AKAZE,3.0,1478,97.39147186279297,0.7674074074074074
AKAZE,5.0,1478,97.39147186279297,0.8214814814814815
GFTT,1.0,1332,97.39147186279297,0.3518005540166205
GFTT,3.0,1332,97.39147186279297,0.7174515235457064
GFTT,5.0,1332,97.39147186279297,0.8522622345337026
learned,1.0,2033,97.39147186279297,0.38673042438732813
learned,3.0,2033,97.39147186279297,0.8302450687387926
learned,5.0,2033,97.39147186279297,0.9181111775254035
SIFT,1.0,2000,81.06845092773438,0.6506651243493349
SIFT,3.0,2000,81.06845092773438,0.7831116252168884
SIFT,5.0,2000,81.06845092773438,0.8976286871023713
ORB,1.0,2000,81.06845092773438,0.5085359544749095
ORB,3.0,2000,81.06845092773438,0.7837558199689602
ORB,5.0,2000,81.06845092773438,0.8292809105018106
AKAZE,1.0,1384,81.06845092773438,0.6204772902232486
AKAZE,3.0,1384,81.06845092773438,0.8098537336412626
AKAZE,5.0,1384,81.06845092773438,0.8414164742109315
GFTT,1.0,1127,81.06845092773438,0.5005257623554153
GFTT,3.0,1127,81.06845092773438,0.7791798107255521
GFTT,5.0,1127,81.06845092773438,0.8916929547844374
learned,1.0,2044,81.06845092773438,0.5070921985815603
learned,3.0,2044,81.06845092773438,0.8800236406619385
learned,5.0,2044,81.06845092773438,0.9367612293144209
SIFT,1.0,1471,51.698551177978516,0.5443686006825939
SIFT,3.0,1471,51.698551177978516,0.7235494880546075
SIFT,5.0,1471,51.698551177978516,0.8523890784982935
ORB,1.0,2000,51.698551177978516,0.5426356589147286
ORB,3.0,2000,51.698551177978516,0.8382428940568476
ORB,5.0,2000,51.698551177978516,0.882687338501292
AKAZE,1.0,790,51.698551177978516,0.523680649526387
AKAZE,3.0,790,51.698551177978516,0.7334235453315291
AKAZE,5.0,790,51.698551177978516,0.803788903924222
GFTT,1.0,876,51.698551177978516,0.3173913043478261
GFTT,3.0,876,51.698551177978516,0.6304347826086957
GFTT,5.0,876,51.698551177978516,0.836231884057971
learned,1.0,1216,51.698551177978516,0.4054336468129572
learned,3.0,1216,51.698551177978516,0.7596656217345873
learned,5.0,1216,51.698551177978516,0.8735632183908046
SIFT,1.0,967,40.993568420410156,0.2502606882168926
SIFT,3.0,967,40.993568420410156,0.5787278415015641
SIFT,5.0,967,40.993568420410156,0.7653806047966631
ORB,1.0,1994,40.993568420410156,0.4227683049147442
ORB,3.0,1994,40.993568420410156,0.7843530591775326
ORB,5.0,1994,40.993568420410156,0.8866599799398195
AKAZE,1.0,393,40.993568420410156,0.42748091603053434
AKAZE,3.0,393,40.993568420410156,0.821882951653944
AKAZE,5.0,393,40.993568420410156,0.8854961832061069
GFTT,1.0,775,40.993568420410156,0.1881578947368421
GFTT,3.0,775,40.993568420410156,0.5328947368421053
GFTT,5.0,775,40.993568420410156,0.7947368421052632
learned,1.0,741,40.993568420410156,0.23310344827586207
learned,3.0,741,40.993568420410156,0.6151724137931035
learned,5.0,741,40.993568420410156,0.7682758620689655
SIFT,1.0,2000,58.3193359375,0.15618101545253862
SIFT,3.0,2000,58.3193359375,0.5590507726269316
SIFT,5.0,2000,58.3193359375,0.772075055187638
ORB,1.0,2000,58.3193359375,0.23911930363543266
ORB,3.0,2000,58.3193359375,0.6876600102406554
ORB,5.0,2000,58.3193359375,0.8044034818228366
AKAZE,1.0,459,58.3193359375,0.17674418604651163
AKAZE,3.0,459,58.3193359375,0.5441860465116279
AKAZE,5.0,459,58.3193359375,0.7372093023255814
GFTT,1.0,1676,58.3193359375,0.09882198952879581
GFTT,3.0,1676,58.3193359375,0.4489528795811518
GFTT,5.0,1676,58.3193359375,0.7899214659685864
learned,1.0,1079,58.3193359375,0.12102564102564102
learned,3.0,1079,58.3193359375,0.4564102564102564
learned,5.0,1079,58.3193359375,0.6358974358974359
SIFT,1.0,2000,62.46156692504883,0.1627140974967062
SIFT,3.0,2000,62.46156692504883,0.5085638998682477
SIFT,5.0,2000,62.46156692504883,0.7424242424242424
ORB,1.0,2000,62.46156692504883,0.26246575342465756
ORB,3.0,2000,62.46156692504883,0.5265753424657534
ORB,5.0,2000,62.46156692504883,0.6158904109589041
AKAZE,1.0,476,62.46156692504883,0.17761557177615572
AKAZE,3.0,476,62.46156692504883,0.34793187347931875
AKAZE,5.0,476,62.46156692504883,0.4209245742092457
GFTT,1.0,2000,62.46156692504883,0.14912846998063267
GFTT,3.0,2000,62.46156692504883,0.46804389928986445
GFTT,5.0,2000,62.46156692504883,0.7437056165267915
learned,1.0,1069,62.46156692504883,0.18497109826589594
learned,3.0,1069,62.46156692504883,0.4797687861271676
learned,5.0,1069,62.46156692504883,0.6323699421965318
SIFT,1.0,1512,51.93726348876953,0.17280917280917282
SIFT,3.0,1512,51.93726348876953,0.5601965601965602
SIFT,5.0,1512,51.93726348876953,0.7108927108927109
ORB,1.0,2000,51.93726348876953,0.38976592270005445
ORB,3.0,2000,51.93726348876953,0.8219923788786064
ORB,5.0,2000,51.93726348876953,0.8775176918889493
AKAZE,1.0,254,51.93726348876953,0.27111111111111114
AKAZE,3.0,254,51.93726348876953,0.6622222222222223
AKAZE,5.0,254,51.93726348876953,0.6977777777777778
GFTT,1.0,2000,51.93726348876953,0.12
GFTT,3.0,2000,51.93726348876953,0.509375
GFTT,5.0,2000,51.93726348876953,0.77875
learned,1.0,882,51.93726348876953,0.17690058479532164
learned,3.0,882,51.93726348876953,0.5497076023391813
learned,5.0,882,51.93726348876953,0.6827485380116959
